report_deduped,airport,category,year_month,count_deduped,report_current,count_current
2024-03,ALB,,2023-11,26,2024-02,25
2024-03,ALB,,2024-01,21,2024-02,19
2024-03,ALB,Expedited Passenger Screening Program,2023-11,20,2024-02,19
2024-03,ALB,Patdown,2024-01,1,2024-02,0
2024-03,ATL,,2023-11,413,2024-02,412
2024-03,ATL,,2023-12,397,2024-02,395
2024-03,ATL,,2024-01,367,2024-02,363
2024-03,ATL,Customer Service,2023-12,59,2024-02,60
2024-03,ATL,Expedited Passenger Screening Program,2023-11,306,2024-02,307
2024-03,ATL,Expedited Passenger Screening Program,2023-12,281,2024-02,280
2024-03,ATL,No Jurisdiction,2024-01,4,2024-02,3
2024-03,ATL,Persons w/ Disabilities (PWD),2023-11,9,2024-02,8
2024-03,ATL,Persons w/ Disabilities (PWD),2023-12,8,2024-02,7
2024-03,ATL,Screening,2023-11,24,2024-02,23
2024-03,ATL,Screening,2023-12,15,2024-02,14
2024-03,ATL,Screening,2024-01,23,2024-02,20
2024-03,AUS,,2024-01,87,2024-02,86
2024-03,AUS,Customer Service,2023-11,6,2024-02,8
2024-03,AUS,Expedited Passenger Screening Program,2023-11,89,2024-02,88
2024-03,AUS,Persons w/ Disabilities (PWD),2023-11,2,2024-02,1
2024-03,AUS,Property - Special Handling,2024-01,2,2024-02,1
2024-03,AVL,,2023-07,19,2024-02,18
2024-03,AVL,Expedited Passenger Screening Program,2023-07,16,2024-02,15
2024-03,AVL,,2024-01,16,2024-02,15
2024-03,AVL,Mishandling of Passenger Property,2024-01,1,2024-02,0
2024-03,BHM,,2023-12,16,2024-02,15
2024-03,BHM,,2024-01,10,2024-02,9
2024-03,BHM,Customer Service,2023-12,3,2024-02,2
2024-03,BHM,Expedited Passenger Screening Program,2024-01,8,2024-02,7
2024-03,BLV,,2023-11,3,2024-02,2
2024-03,BLV,Customer Service,2023-11,2,2024-02,1
2024-03,BNA,Screening,2023-11,8,2024-02,7
2024-03,BOI,Expedited Passenger Screening Program,2023-08,25,2024-02,24
2024-03,BOI,Screening,2024-01,1,2024-02,2
2024-03,BOS,,2023-11,246,2024-02,245
2024-03,BOS,Expedited Passenger Screening Program,2023-11,172,2024-02,173
2024-03,BOS,Expedited Passenger Screening Program,2023-12,139,2024-02,140
2024-03,BOS,Lost and Found,2023-12,1,2024-02,0
2024-03,BOS,Patdown,2023-11,4,2024-02,3
2024-03,BOS,Screening,2023-11,11,2024-02,10
2024-03,BWI,,2024-01,104,2024-02,103
2024-03,BWI,Expedited Passenger Screening Program,2024-01,76,2024-02,75
2024-03,CLT,,2023-11,152,2024-02,151
2024-03,CLT,,2023-12,144,2024-02,143
2024-03,CLT,Customer Service,2023-11,16,2024-02,15
2024-03,CLT,No Jurisdiction,2023-12,1,2024-02,0
2024-03,CLT,Screening,2023-11,10,2024-02,9
2024-03,COS,,2023-11,15,2024-02,16
2024-03,COS,Expedited Passenger Screening Program,2023-11,13,2024-02,14
2024-03,DAL,,2023-12,46,2024-02,47
2024-03,DAL,Expedited Passenger Screening Program,2023-12,40,2024-02,41
2024-03,DCA,,2023-10,198,2024-02,199
2024-03,DCA,,2023-11,153,2024-02,151
2024-03,DCA,Customer Service,2023-11,25,2024-02,24
2024-03,DCA,Expedited Passenger Screening Program,2023-10,167,2024-02,168
2024-03,DCA,Mishandling of Passenger Property,2024-01,0,2024-02,1
2024-03,DCA,Property - Special Handling,2023-11,2,2024-02,1
2024-03,DCA,Property - Special Handling,2024-01,3,2024-02,2
2024-03,DCA,Screening,2023-11,11,2024-02,10
2024-03,DEN,,2023-11,335,2024-02,333
2024-03,DEN,,2023-12,296,2024-02,297
2024-03,DEN,,2024-01,240,2024-02,237
2024-03,DEN,Expedited Passenger Screening Program,2024-01,176,2024-02,173
2024-03,DEN,Screening,2023-11,36,2024-02,34
2024-03,DFW,,2023-12,263,2024-02,261
2024-03,DFW,Claims,2023-11,0,2024-02,1
2024-03,DFW,Expedited Passenger Screening Program,2023-12,165,2024-02,164
2024-03,DFW,Lost and Found,2023-12,2,2024-02,1
2024-03,DFW,Property - Special Handling,2023-11,13,2024-02,12
2024-03,DTW,Claims,2023-11,0,2024-02,1
2024-03,DTW,Mishandling of Passenger Property,2023-11,3,2024-02,2
2024-03,EWR,,2023-11,465,2024-02,463
2024-03,EWR,,2024-01,442,2024-02,441
2024-03,EWR,Airline,2024-01,4,2024-02,3
2024-03,EWR,Civil Rights,2023-11,3,2024-02,2
2024-03,EWR,Customer Service,2023-11,48,2024-02,47
2024-03,EWR,Expedited Passenger Screening Program,2023-11,330,2024-02,331
2024-03,EWR,Expedited Passenger Screening Program,2024-01,301,2024-02,302
2024-03,EWR,Mishandling of Passenger Property,2024-01,19,2024-02,18
2024-03,EWR,Persons w/ Disabilities (PWD),2023-11,7,2024-02,6
2024-03,EWR,Property - Special Handling,2024-01,14,2024-02,15
2024-03,EWR,Screening,2024-01,27,2024-02,26
2024-03,FAR,,2023-12,13,2024-02,12
2024-03,FLL,,2023-12,160,2024-02,161
2024-03,FLL,,2024-01,146,2024-02,143
2024-03,FLL,Customer Service,2024-01,11,2024-02,10
2024-03,FLL,Expedited Passenger Screening Program,2024-01,108,2024-02,106
2024-03,FLL,Mishandling of Passenger Property,2023-12,6,2024-02,7
2024-03,FLL,Property - Special Handling,2023-12,7,2024-02,6
2024-03,FLL,Screening,2023-11,8,2024-02,7
2024-03,FLL,Screening,2023-12,3,2024-02,4
2024-03,GEG,,2024-01,17,2024-02,16
2024-03,GEG,Patdown,2024-01,2,2024-02,1
2024-03,GEG,Screening,2023-11,4,2024-02,3
2024-03,GNV,,2024-01,6,2024-02,5
2024-03,GSO,,2024-01,14,2024-02,13
2024-03,GSP,Customer Service,2024-01,4,2024-02,5
2024-03,GSP,Screening,2024-01,1,2024-02,0
2024-03,HNL,,2023-11,84,2024-02,83
2024-03,HNL,Screening,2023-11,3,2024-02,2
2024-03,HOU,,2023-11,74,2024-02,72
2024-03,HOU,,2023-12,61,2024-02,60
2024-03,HOU,,2024-01,49,2024-02,48
2024-03,HOU,Civil Rights,2024-01,2,2024-02,1
2024-03,HOU,Expedited Passenger Screening Program,2024-01,23,2024-02,22
2024-03,HOU,No Jurisdiction,2023-12,2,2024-02,1
2024-03,HOU,Persons w/ Disabilities (PWD),2023-11,3,2024-02,2
2024-03,HOU,Property - Special Handling,2024-01,1,2024-02,2
2024-03,IAD,,2023-12,163,2024-02,164
2024-03,IAH,,2023-09,291,2024-02,293
2024-03,IAH,Expedited Passenger Screening Program,2023-09,221,2024-02,223
2024-03,IAH,,2023-11,204,2024-02,205
2024-03,IAH,,2023-12,222,2024-02,223
2024-03,IAH,,2024-01,204,2024-02,202
2024-03,IAH,Expedited Passenger Screening Program,2024-01,142,2024-02,140
2024-03,IAH,Patdown,2023-12,6,2024-02,7
2024-03,IND,,2024-01,44,2024-02,42
2024-03,IND,Expedited Passenger Screening Program,2024-01,31,2024-02,30
2024-03,IND,Property - Special Handling,2024-01,3,2024-02,2
2024-03,JAX,,2024-01,57,2024-02,56
2024-03,JAX,Expedited Passenger Screening Program,2024-01,36,2024-02,35
2024-03,JFK,,2023-11,359,2024-02,358
2024-03,JFK,,2023-12,436,2024-02,435
2024-03,JFK,,2024-01,315,2024-02,316
2024-03,JFK,Civil Rights,2023-12,5,2024-02,4
2024-03,JFK,No Jurisdiction,2024-01,1,2024-02,2
2024-03,JFK,Persons w/ Disabilities (PWD),2023-12,10,2024-02,11
2024-03,JFK,Screening,2023-11,32,2024-02,29
2024-03,JFK,Screening,2023-12,20,2024-02,19
2024-03,KTN,,2023-11,1,2024-02,0
2024-03,KTN,Customer Service,2023-11,1,2024-02,0
2024-03,LAS,,2023-11,219,2024-02,217
2024-03,LAS,,2024-01,185,2024-02,182
2024-03,LAS,Civil Rights,2024-01,5,2024-02,4
2024-03,LAS,Expedited Passenger Screening Program,2024-01,100,2024-02,99
2024-03,LAS,Property - Special Handling,2023-11,20,2024-02,19
2024-03,LAS,Property - Special Handling,2024-01,11,2024-02,9
2024-03,LAS,Screening,2023-11,18,2024-02,17
2024-03,LAS,Screening,2024-01,14,2024-02,15
2024-03,LAX,,2023-12,380,2024-02,377
2024-03,LAX,,2024-01,304,2024-02,302
2024-03,LAX,Customer Service,2023-12,35,2024-02,36
2024-03,LAX,Customer Service,2024-01,31,2024-02,30
2024-03,LAX,Expedited Passenger Screening Program,2023-12,293,2024-02,292
2024-03,LAX,Expedited Passenger Screening Program,2024-01,204,2024-02,203
2024-03,LAX,Lost and Found,2023-12,6,2024-02,5
2024-03,LAX,Persons w/ Disabilities (PWD),2023-12,4,2024-02,3
2024-03,LAX,Property - Special Handling,2023-12,15,2024-02,14
2024-03,LAX,Property - Special Handling,2024-01,13,2024-02,14
2024-03,LAX,Screening,2024-01,13,2024-02,12
2024-03,LBF,,2023-11,2,2024-02,1
2024-03,LBF,Screening,2023-11,2,2024-02,1
2024-03,LCK,Customer Service,2024-01,1,2024-02,0
2024-03,LGA,,2023-11,203,2024-02,204
2024-03,LGA,Customer Service,2023-11,18,2024-02,19
2024-03,LGB,Screening,2023-11,2,2024-02,1
2024-03,MCO,Mishandling of Passenger Property,2023-09,6,2024-02,7
2024-03,MCO,Property - Special Handling,2023-09,16,2024-02,15
2024-03,MCO,,2023-12,294,2024-02,291
2024-03,MCO,Customer Service,2023-12,38,2024-02,39
2024-03,MCO,Customer Service,2024-01,53,2024-02,54
2024-03,MCO,Expedited Passenger Screening Program,2023-12,183,2024-02,184
2024-03,MCO,Persons w/ Disabilities (PWD),2023-12,6,2024-02,4
2024-03,MCO,Screening,2023-11,24,2024-02,23
2024-03,MCO,Screening,2023-12,25,2024-02,22
2024-03,MCO,Screening,2024-01,14,2024-02,13
2024-03,MDW,Customer Service,2023-11,11,2024-02,10
2024-03,MIA,,2023-12,184,2024-02,185
2024-03,MIA,Customer Service,2023-12,34,2024-02,36
2024-03,MIA,Persons w/ Disabilities (PWD),2023-12,11,2024-02,9
2024-03,MIA,Screening,2023-12,10,2024-02,11
2024-03,MKE,,2023-11,33,2024-02,32
2024-03,MKE,Property - Special Handling,2023-11,2,2024-02,1
2024-03,MSP,,2023-12,151,2024-02,150
2024-03,MSP,,2024-01,124,2024-02,123
2024-03,MSP,Airline,2023-11,1,2024-02,0
2024-03,MSP,Customer Service,2023-11,12,2024-02,11
2024-03,MSP,Expedited Passenger Screening Program,2024-01,97,2024-02,96
2024-03,MSP,No Jurisdiction,2023-11,2,2024-02,3
2024-03,MSP,No Jurisdiction,2023-12,1,2024-02,0
2024-03,MSY,,2023-11,83,2024-02,82
2024-03,MSY,Expedited Passenger Screening Program,2023-11,52,2024-02,51
2024-03,MSY,Screening,2024-01,1,2024-02,0
2024-03,MSY,TWIC,2024-01,0,2024-02,1
2024-03,MVY,,2024-01,1,2024-02,0
2024-03,OAK,,2023-12,45,2024-02,44
2024-03,OAK,Screening,2023-12,3,2024-02,2
2024-03,OKC,,2024-01,24,2024-02,23
2024-03,OKC,Screening,2024-01,4,2024-02,3
2024-03,OMA,,2023-11,43,2024-02,42
2024-03,OMA,,2024-01,33,2024-02,32
2024-03,OMA,Expedited Passenger Screening Program,2024-01,26,2024-02,25
2024-03,OMA,Screening,2023-11,6,2024-02,5
2024-03,ONT,,2023-11,35,2024-02,34
2024-03,ONT,,2024-01,21,2024-02,20
2024-03,ONT,Screening,2023-11,1,2024-02,0
2024-03,ONT,Screening,2024-01,3,2024-02,2
2024-03,ORD,,2024-01,289,2024-02,288
2024-03,ORD,Airline,2024-01,1,2024-02,2
2024-03,ORD,Civil Rights,2024-01,5,2024-02,4
2024-03,ORD,Hazardous Materials Safety,2023-11,1,2024-02,0
2024-03,ORD,Mishandling of Passenger Property,2024-01,7,2024-02,8
2024-03,ORD,Property - Special Handling,2024-01,9,2024-02,8
2024-03,ORD,Screening,2024-01,8,2024-02,7
2024-03,PBI,Civil Rights,2023-12,1,2024-02,0
2024-03,PBI,Patdown,2023-12,0,2024-02,1
2024-03,PDX,Customer Service,2023-12,10,2024-02,11
2024-03,PDX,Expedited Passenger Screening Program,2024-01,64,2024-02,65
2024-03,PDX,Patdown,2023-12,5,2024-02,4
2024-03,PDX,Screening,2023-11,5,2024-02,4
2024-03,PDX,Screening,2024-01,4,2024-02,3
2024-03,PGD,Screening,2023-12,1,2024-02,2
2024-03,PHL,,2023-11,178,2024-02,177
2024-03,PHL,Screening,2023-11,4,2024-02,3
2024-03,PHX,,2023-07,191,2024-02,192
2024-03,PHX,Expedited Passenger Screening Program,2023-07,123,2024-02,124
2024-03,PHX,,2023-12,240,2024-02,238
2024-03,PHX,,2024-01,179,2024-02,178
2024-03,PHX,Civil Rights,2024-01,5,2024-02,4
2024-03,PHX,Customer Service,2024-01,34,2024-02,35
2024-03,PHX,Expedited Passenger Screening Program,2023-12,149,2024-02,148
2024-03,PHX,Persons w/ Disabilities (PWD),2023-12,5,2024-02,4
2024-03,PHX,Screening,2023-11,17,2024-02,16
2024-03,PHX,Screening,2024-01,7,2024-02,6
2024-03,RDU,Customer Service,2024-01,7,2024-02,8
2024-03,RSW,,2023-12,98,2024-02,99
2024-03,RSW,Expedited Passenger Screening Program,2023-12,77,2024-02,78
2024-03,SAN,,2023-11,114,2024-02,115
2024-03,SAN,,2023-12,147,2024-02,145
2024-03,SAN,,2024-01,132,2024-02,131
2024-03,SAN,Customer Service,2023-12,17,2024-02,16
2024-03,SAN,Expedited Passenger Screening Program,2023-12,109,2024-02,108
2024-03,SAN,No Jurisdiction,2023-11,1,2024-02,2
2024-03,SAN,Patdown,2024-01,3,2024-02,2
2024-03,SAT,,2023-11,54,2024-02,52
2024-03,SAT,Screening,2023-11,8,2024-02,6
2024-03,SEA,,2023-06,390,2024-02,391
2024-03,SEA,Persons w/ Disabilities (PWD),2023-06,10,2024-02,11
2024-03,SEA,,2023-11,283,2024-02,282
2024-03,SEA,,2023-12,279,2024-02,277
2024-03,SEA,,2024-01,193,2024-02,191
2024-03,SEA,Civil Rights,2023-12,8,2024-02,6
2024-03,SEA,Civil Rights,2024-01,6,2024-02,5
2024-03,SEA,Expedited Passenger Screening Program,2023-11,202,2024-02,203
2024-03,SEA,Screening,2023-11,27,2024-02,25
2024-03,SEA,Screening,2024-01,11,2024-02,10
2024-03,SFB,,2023-12,18,2024-02,17
2024-03,SFB,Persons w/ Disabilities (PWD),2023-12,1,2024-02,0
2024-03,SFO,,2023-12,261,2024-02,260
2024-03,SFO,Airline,2024-01,1,2024-02,2
2024-03,SFO,Civil Rights,2024-01,8,2024-02,7
2024-03,SFO,Customer Service,2024-01,15,2024-02,16
2024-03,SFO,Screening,2023-11,11,2024-02,10
2024-03,SGF,,2023-11,10,2024-02,9
2024-03,SGF,,2024-01,7,2024-02,6
2024-03,SGF,Expedited Passenger Screening Program,2023-11,8,2024-02,7
2024-03,SGF,Expedited Passenger Screening Program,2024-01,6,2024-02,5
2024-03,SJC,Civil Rights,2024-01,1,2024-02,0
2024-03,SJC,Patdown,2024-01,0,2024-02,1
2024-03,SJU,,2023-11,27,2024-02,26
2024-03,SJU,,2023-12,51,2024-02,50
2024-03,SJU,Airline,2023-11,1,2024-02,0
2024-03,SJU,Screening,2023-12,2,2024-02,1
2024-03,SLC,,2023-11,90,2024-02,89
2024-03,SLC,,2023-12,111,2024-02,108
2024-03,SLC,,2024-01,128,2024-02,124
2024-03,SLC,Claims,2023-12,0,2024-02,1
2024-03,SLC,Customer Service,2023-12,13,2024-02,12
2024-03,SLC,Customer Service,2024-01,18,2024-02,17
2024-03,SLC,Expedited Passenger Screening Program,2023-12,78,2024-02,76
2024-03,SLC,Expedited Passenger Screening Program,2024-01,77,2024-02,74
2024-03,SLC,Persons w/ Disabilities (PWD),2023-11,2,2024-02,1
2024-03,SLC,Screening,2023-12,11,2024-02,10
2024-03,SNA,Mishandling of Passenger Property,2023-06,1,2024-02,2
2024-03,SNA,Property - Special Handling,2023-06,1,2024-02,0
2024-03,STL,Patdown,2024-01,0,2024-02,1
2024-03,STL,Screening,2024-01,2,2024-02,1
2024-03,SWF,,2023-11,2,2024-02,1
2024-03,TPA,,2023-08,131,2024-02,130
2024-03,TPA,Expedited Passenger Screening Program,2023-08,104,2024-02,103
2024-03,TPA,,2023-12,162,2024-02,161
2024-03,TPA,Civil Rights,2024-01,1,2024-02,0
2024-03,TPA,Customer Service,2023-11,13,2024-02,14
2024-03,TPA,Expedited Passenger Screening Program,2023-11,89,2024-02,90
2024-03,TPA,Screening,2023-11,12,2024-02,10
2024-03,TPA,Screening,2023-12,7,2024-02,6
2024-03,TPA,Screening,2024-01,5,2024-02,6
2024-03,TUS,Screening,2023-11,2,2024-02,1
2024-03,TYS,Civil Rights,2023-11,1,2024-02,0
2024-03,TYS,Screening,2023-11,2,2024-02,3
2024-03,VPS,Customer Service,2023-11,7,2024-02,6
2024-03,XNA,,2024-01,8,2024-02,7
2024-03,XNA,Expedited Passenger Screening Program,2024-01,6,2024-02,5
2024-03,YKM,,2024-01,5,2024-02,3
2024-03,YKM,Expedited Passenger Screening Program,2024-01,5,2024-02,3
2024-03,,,2023-08,4459,2024-02,4462
2024-03,,Expedited Passenger Screening Program,2023-08,4188,2024-02,4191
2024-03,,,2023-11,2655,2024-02,2659
2024-03,,,2023-12,3659,2024-02,3658
2024-03,,,2024-01,3306,2024-02,3316
2024-03,,Airline,2023-11,6,2024-02,7
2024-03,,Airline,2024-01,13,2024-02,14
2024-03,,Civil Rights,2023-11,3,2024-02,2
2024-03,,Civil Rights,2024-01,6,2024-02,9
2024-03,,Claims,2023-12,6,2024-02,5
2024-03,,Claims,2024-01,6,2024-02,7
2024-03,,Customer Service,2023-11,11,2024-02,12
2024-03,,Customer Service,2023-12,75,2024-02,77
2024-03,,Customer Service,2024-01,57,2024-02,58
2024-03,,Expedited Passenger Screening Program,2023-12,3231,2024-02,3228
2024-03,,Expedited Passenger Screening Program,2024-01,2912,2024-02,2914
2024-03,,Federal Air Marshall Service (FAMS),2023-12,2,2024-02,1
2024-03,,Hazardous Materials Safety,2024-01,5,2024-02,4
2024-03,,Mishandling of Passenger Property,2023-11,9,2024-02,8
2024-03,,Mishandling of Passenger Property,2024-01,41,2024-02,42
2024-03,,No Jurisdiction,2023-11,67,2024-02,64
2024-03,,No Jurisdiction,2023-12,75,2024-02,73
2024-03,,No Jurisdiction,2024-01,83,2024-02,80
2024-03,,No Subject,2023-12,10,2024-02,11
2024-03,,Notice of Violation/Civil Penalties,2024-01,4,2024-02,5
2024-03,,Patdown,2023-12,15,2024-02,18
2024-03,,Patdown,2024-01,2,2024-02,3
2024-03,,Property - Special Handling,2023-11,12,2024-02,16
2024-03,,Screening,2023-11,28,2024-02,29
2024-03,,Screening,2023-12,74,2024-02,73
2024-03,,Screening,2024-01,63,2024-02,66
2024-03,,TWIC,2024-01,14,2024-02,13
2024-03,ALB,,2023-11,26,2024-01,25
2024-03,ALB,,2024-01,21,2024-01,19
2024-03,ALB,Expedited Passenger Screening Program,2023-11,20,2024-01,19
2024-03,ALB,Patdown,2024-01,1,2024-01,0
2024-03,ATL,,2023-11,413,2024-01,412
2024-03,ATL,,2023-12,397,2024-01,395
2024-03,ATL,,2024-01,367,2024-01,363
2024-03,ATL,Customer Service,2023-12,59,2024-01,60
2024-03,ATL,Expedited Passenger Screening Program,2023-11,306,2024-01,307
2024-03,ATL,Expedited Passenger Screening Program,2023-12,281,2024-01,280
2024-03,ATL,No Jurisdiction,2024-01,4,2024-01,3
2024-03,ATL,Persons w/ Disabilities (PWD),2023-11,9,2024-01,8
2024-03,ATL,Persons w/ Disabilities (PWD),2023-12,8,2024-01,7
2024-03,ATL,Screening,2023-11,24,2024-01,23
2024-03,ATL,Screening,2023-12,15,2024-01,14
2024-03,ATL,Screening,2024-01,23,2024-01,20
2024-03,AUS,,2024-01,87,2024-01,86
2024-03,AUS,Customer Service,2023-11,6,2024-01,8
2024-03,AUS,Expedited Passenger Screening Program,2023-11,89,2024-01,88
2024-03,AUS,Persons w/ Disabilities (PWD),2023-11,2,2024-01,1
2024-03,AUS,Property - Special Handling,2024-01,2,2024-01,1
2024-03,AVL,,2023-07,19,2024-01,18
2024-03,AVL,Expedited Passenger Screening Program,2023-07,16,2024-01,15
2024-03,AVL,,2024-01,16,2024-01,15
2024-03,AVL,Mishandling of Passenger Property,2024-01,1,2024-01,0
2024-03,BHM,,2023-12,16,2024-01,15
2024-03,BHM,,2024-01,10,2024-01,9
2024-03,BHM,Customer Service,2023-12,3,2024-01,2
2024-03,BHM,Expedited Passenger Screening Program,2024-01,8,2024-01,7
2024-03,BLV,,2023-11,3,2024-01,2
2024-03,BLV,Customer Service,2023-11,2,2024-01,1
2024-03,BNA,Screening,2023-11,8,2024-01,7
2024-03,BOI,Expedited Passenger Screening Program,2023-08,25,2024-01,24
2024-03,BOI,Screening,2024-01,1,2024-01,2
2024-03,BOS,,2023-11,246,2024-01,245
2024-03,BOS,Expedited Passenger Screening Program,2023-11,172,2024-01,173
2024-03,BOS,Expedited Passenger Screening Program,2023-12,139,2024-01,140
2024-03,BOS,Lost and Found,2023-12,1,2024-01,0
2024-03,BOS,Patdown,2023-11,4,2024-01,3
2024-03,BOS,Screening,2023-11,11,2024-01,10
2024-03,BWI,,2024-01,104,2024-01,103
2024-03,BWI,Expedited Passenger Screening Program,2024-01,76,2024-01,75
2024-03,CLT,,2023-11,152,2024-01,151
2024-03,CLT,,2023-12,144,2024-01,143
2024-03,CLT,Customer Service,2023-11,16,2024-01,15
2024-03,CLT,No Jurisdiction,2023-12,1,2024-01,0
2024-03,CLT,Screening,2023-11,10,2024-01,9
2024-03,COS,,2023-11,15,2024-01,16
2024-03,COS,Expedited Passenger Screening Program,2023-11,13,2024-01,14
2024-03,DAL,,2023-12,46,2024-01,47
2024-03,DAL,Expedited Passenger Screening Program,2023-12,40,2024-01,41
2024-03,DCA,,2023-10,198,2024-01,199
2024-03,DCA,,2023-11,153,2024-01,151
2024-03,DCA,Customer Service,2023-11,25,2024-01,24
2024-03,DCA,Expedited Passenger Screening Program,2023-10,167,2024-01,168
2024-03,DCA,Mishandling of Passenger Property,2024-01,0,2024-01,1
2024-03,DCA,Property - Special Handling,2023-11,2,2024-01,1
2024-03,DCA,Property - Special Handling,2024-01,3,2024-01,2
2024-03,DCA,Screening,2023-11,11,2024-01,10
2024-03,DEN,,2023-11,335,2024-01,333
2024-03,DEN,,2023-12,296,2024-01,297
2024-03,DEN,,2024-01,240,2024-01,237
2024-03,DEN,Expedited Passenger Screening Program,2024-01,176,2024-01,173
2024-03,DEN,Screening,2023-11,36,2024-01,34
2024-03,DFW,,2023-12,263,2024-01,261
2024-03,DFW,Claims,2023-11,0,2024-01,1
2024-03,DFW,Expedited Passenger Screening Program,2023-12,165,2024-01,164
2024-03,DFW,Lost and Found,2023-12,2,2024-01,1
2024-03,DFW,Property - Special Handling,2023-11,13,2024-01,12
2024-03,DTW,Claims,2023-11,0,2024-01,1
2024-03,DTW,Mishandling of Passenger Property,2023-11,3,2024-01,2
2024-03,EWR,,2023-11,465,2024-01,463
2024-03,EWR,,2024-01,442,2024-01,441
2024-03,EWR,Airline,2024-01,4,2024-01,3
2024-03,EWR,Civil Rights,2023-11,3,2024-01,2
2024-03,EWR,Customer Service,2023-11,48,2024-01,47
2024-03,EWR,Expedited Passenger Screening Program,2023-11,330,2024-01,331
2024-03,EWR,Expedited Passenger Screening Program,2024-01,301,2024-01,302
2024-03,EWR,Mishandling of Passenger Property,2024-01,19,2024-01,18
2024-03,EWR,Persons w/ Disabilities (PWD),2023-11,7,2024-01,6
2024-03,EWR,Property - Special Handling,2024-01,14,2024-01,15
2024-03,EWR,Screening,2024-01,27,2024-01,26
2024-03,FAR,,2023-12,13,2024-01,12
2024-03,FLL,,2023-12,160,2024-01,161
2024-03,FLL,,2024-01,146,2024-01,143
2024-03,FLL,Customer Service,2024-01,11,2024-01,10
2024-03,FLL,Expedited Passenger Screening Program,2024-01,108,2024-01,106
2024-03,FLL,Mishandling of Passenger Property,2023-12,6,2024-01,7
2024-03,FLL,Property - Special Handling,2023-12,7,2024-01,6
2024-03,FLL,Screening,2023-11,8,2024-01,7
2024-03,FLL,Screening,2023-12,3,2024-01,4
2024-03,GEG,,2024-01,17,2024-01,16
2024-03,GEG,Patdown,2024-01,2,2024-01,1
2024-03,GEG,Screening,2023-11,4,2024-01,3
2024-03,GNV,,2024-01,6,2024-01,5
2024-03,GSO,,2024-01,14,2024-01,13
2024-03,GSP,Customer Service,2024-01,4,2024-01,5
2024-03,GSP,Screening,2024-01,1,2024-01,0
2024-03,HNL,,2023-11,84,2024-01,83
2024-03,HNL,Screening,2023-11,3,2024-01,2
2024-03,HOU,,2023-11,74,2024-01,72
2024-03,HOU,,2023-12,61,2024-01,60
2024-03,HOU,,2024-01,49,2024-01,48
2024-03,HOU,Civil Rights,2024-01,2,2024-01,1
2024-03,HOU,Expedited Passenger Screening Program,2024-01,23,2024-01,22
2024-03,HOU,No Jurisdiction,2023-12,2,2024-01,1
2024-03,HOU,Persons w/ Disabilities (PWD),2023-11,3,2024-01,2
2024-03,HOU,Property - Special Handling,2024-01,1,2024-01,2
2024-03,IAD,,2023-12,163,2024-01,164
2024-03,IAH,,2023-09,291,2024-01,293
2024-03,IAH,Expedited Passenger Screening Program,2023-09,221,2024-01,223
2024-03,IAH,,2023-11,204,2024-01,205
2024-03,IAH,,2023-12,222,2024-01,223
2024-03,IAH,,2024-01,204,2024-01,202
2024-03,IAH,Expedited Passenger Screening Program,2024-01,142,2024-01,140
2024-03,IAH,Patdown,2023-12,6,2024-01,7
2024-03,IND,,2024-01,44,2024-01,42
2024-03,IND,Expedited Passenger Screening Program,2024-01,31,2024-01,30
2024-03,IND,Property - Special Handling,2024-01,3,2024-01,2
2024-03,JAX,,2024-01,57,2024-01,56
2024-03,JAX,Expedited Passenger Screening Program,2024-01,36,2024-01,35
2024-03,JFK,,2023-11,359,2024-01,358
2024-03,JFK,,2023-12,436,2024-01,435
2024-03,JFK,,2024-01,315,2024-01,316
2024-03,JFK,Civil Rights,2023-12,5,2024-01,4
2024-03,JFK,No Jurisdiction,2024-01,1,2024-01,2
2024-03,JFK,Persons w/ Disabilities (PWD),2023-12,10,2024-01,11
2024-03,JFK,Screening,2023-11,32,2024-01,29
2024-03,JFK,Screening,2023-12,20,2024-01,19
2024-03,KTN,,2023-11,1,2024-01,0
2024-03,KTN,Customer Service,2023-11,1,2024-01,0
2024-03,LAS,,2023-11,219,2024-01,217
2024-03,LAS,,2024-01,185,2024-01,182
2024-03,LAS,Civil Rights,2024-01,5,2024-01,4
2024-03,LAS,Expedited Passenger Screening Program,2024-01,100,2024-01,99
2024-03,LAS,Property - Special Handling,2023-11,20,2024-01,19
2024-03,LAS,Property - Special Handling,2024-01,11,2024-01,9
2024-03,LAS,Screening,2023-11,18,2024-01,17
2024-03,LAS,Screening,2024-01,14,2024-01,15
2024-03,LAX,,2023-12,380,2024-01,377
2024-03,LAX,,2024-01,304,2024-01,302
2024-03,LAX,Customer Service,2023-12,35,2024-01,36
2024-03,LAX,Customer Service,2024-01,31,2024-01,30
2024-03,LAX,Expedited Passenger Screening Program,2023-12,293,2024-01,292
2024-03,LAX,Expedited Passenger Screening Program,2024-01,204,2024-01,203
2024-03,LAX,Lost and Found,2023-12,6,2024-01,5
2024-03,LAX,Persons w/ Disabilities (PWD),2023-12,4,2024-01,3
2024-03,LAX,Property - Special Handling,2023-12,15,2024-01,14
2024-03,LAX,Property - Special Handling,2024-01,13,2024-01,14
2024-03,LAX,Screening,2024-01,13,2024-01,12
2024-03,LBF,,2023-11,2,2024-01,1
2024-03,LBF,Screening,2023-11,2,2024-01,1
2024-03,LCK,Customer Service,2024-01,1,2024-01,0
2024-03,LGA,,2023-11,203,2024-01,204
2024-03,LGA,Customer Service,2023-11,18,2024-01,19
2024-03,LGB,Screening,2023-11,2,2024-01,1
2024-03,MCO,Mishandling of Passenger Property,2023-09,6,2024-01,7
2024-03,MCO,Property - Special Handling,2023-09,16,2024-01,15
2024-03,MCO,,2023-12,294,2024-01,291
2024-03,MCO,Customer Service,2023-12,38,2024-01,39
2024-03,MCO,Customer Service,2024-01,53,2024-01,54
2024-03,MCO,Expedited Passenger Screening Program,2023-12,183,2024-01,184
2024-03,MCO,Persons w/ Disabilities (PWD),2023-12,6,2024-01,4
2024-03,MCO,Screening,2023-11,24,2024-01,23
2024-03,MCO,Screening,2023-12,25,2024-01,22
2024-03,MCO,Screening,2024-01,14,2024-01,13
2024-03,MDW,Customer Service,2023-11,11,2024-01,10
2024-03,MIA,,2023-12,184,2024-01,185
2024-03,MIA,Customer Service,2023-12,34,2024-01,36
2024-03,MIA,Persons w/ Disabilities (PWD),2023-12,11,2024-01,9
2024-03,MIA,Screening,2023-12,10,2024-01,11
2024-03,MKE,,2023-11,33,2024-01,32
2024-03,MKE,Property - Special Handling,2023-11,2,2024-01,1
2024-03,MSP,,2023-12,151,2024-01,150
2024-03,MSP,,2024-01,124,2024-01,123
2024-03,MSP,Airline,2023-11,1,2024-01,0
2024-03,MSP,Customer Service,2023-11,12,2024-01,11
2024-03,MSP,Expedited Passenger Screening Program,2024-01,97,2024-01,96
2024-03,MSP,No Jurisdiction,2023-11,2,2024-01,3
2024-03,MSP,No Jurisdiction,2023-12,1,2024-01,0
2024-03,MSY,,2023-11,83,2024-01,82
2024-03,MSY,Expedited Passenger Screening Program,2023-11,52,2024-01,51
2024-03,MSY,Screening,2024-01,1,2024-01,0
2024-03,MSY,TWIC,2024-01,0,2024-01,1
2024-03,MVY,,2024-01,1,2024-01,0
2024-03,OAK,,2023-12,45,2024-01,44
2024-03,OAK,Screening,2023-12,3,2024-01,2
2024-03,OKC,,2024-01,24,2024-01,23
2024-03,OKC,Screening,2024-01,4,2024-01,3
2024-03,OMA,,2023-11,43,2024-01,42
2024-03,OMA,,2024-01,33,2024-01,32
2024-03,OMA,Expedited Passenger Screening Program,2024-01,26,2024-01,25
2024-03,OMA,Screening,2023-11,6,2024-01,5
2024-03,ONT,,2023-11,35,2024-01,34
2024-03,ONT,,2024-01,21,2024-01,20
2024-03,ONT,Screening,2023-11,1,2024-01,0
2024-03,ONT,Screening,2024-01,3,2024-01,2
2024-03,ORD,,2024-01,289,2024-01,288
2024-03,ORD,Airline,2024-01,1,2024-01,2
2024-03,ORD,Civil Rights,2024-01,5,2024-01,4
2024-03,ORD,Hazardous Materials Safety,2023-11,1,2024-01,0
2024-03,ORD,Mishandling of Passenger Property,2024-01,7,2024-01,8
2024-03,ORD,Property - Special Handling,2024-01,9,2024-01,8
2024-03,ORD,Screening,2024-01,8,2024-01,7
2024-03,PBI,Civil Rights,2023-12,1,2024-01,0
2024-03,PBI,Patdown,2023-12,0,2024-01,1
2024-03,PDX,Customer Service,2023-12,10,2024-01,11
2024-03,PDX,Expedited Passenger Screening Program,2024-01,64,2024-01,65
2024-03,PDX,Patdown,2023-12,5,2024-01,4
2024-03,PDX,Screening,2023-11,5,2024-01,4
2024-03,PDX,Screening,2024-01,4,2024-01,3
2024-03,PGD,Screening,2023-12,1,2024-01,2
2024-03,PHL,,2023-11,178,2024-01,177
2024-03,PHL,Screening,2023-11,4,2024-01,3
2024-03,PHX,,2023-07,191,2024-01,192
2024-03,PHX,Expedited Passenger Screening Program,2023-07,123,2024-01,124
2024-03,PHX,,2023-12,240,2024-01,238
2024-03,PHX,,2024-01,179,2024-01,178
2024-03,PHX,Civil Rights,2024-01,5,2024-01,4
2024-03,PHX,Customer Service,2024-01,34,2024-01,35
2024-03,PHX,Expedited Passenger Screening Program,2023-12,149,2024-01,148
2024-03,PHX,Persons w/ Disabilities (PWD),2023-12,5,2024-01,4
2024-03,PHX,Screening,2023-11,17,2024-01,16
2024-03,PHX,Screening,2024-01,7,2024-01,6
2024-03,RDU,Customer Service,2024-01,7,2024-01,8
2024-03,RSW,,2023-12,98,2024-01,99
2024-03,RSW,Expedited Passenger Screening Program,2023-12,77,2024-01,78
2024-03,SAN,,2023-11,114,2024-01,115
2024-03,SAN,,2023-12,147,2024-01,145
2024-03,SAN,,2024-01,132,2024-01,131
2024-03,SAN,Customer Service,2023-12,17,2024-01,16
2024-03,SAN,Expedited Passenger Screening Program,2023-12,109,2024-01,108
2024-03,SAN,No Jurisdiction,2023-11,1,2024-01,2
2024-03,SAN,Patdown,2024-01,3,2024-01,2
2024-03,SAT,,2023-11,54,2024-01,52
2024-03,SAT,Screening,2023-11,8,2024-01,6
2024-03,SEA,,2023-06,390,2024-01,391
2024-03,SEA,Persons w/ Disabilities (PWD),2023-06,10,2024-01,11
2024-03,SEA,,2023-11,283,2024-01,282
2024-03,SEA,,2023-12,279,2024-01,277
2024-03,SEA,,2024-01,193,2024-01,191
2024-03,SEA,Civil Rights,2023-12,8,2024-01,6
2024-03,SEA,Civil Rights,2024-01,6,2024-01,5
2024-03,SEA,Expedited Passenger Screening Program,2023-11,202,2024-01,203
2024-03,SEA,Screening,2023-11,27,2024-01,25
2024-03,SEA,Screening,2024-01,11,2024-01,10
2024-03,SFB,,2023-12,18,2024-01,17
2024-03,SFB,Persons w/ Disabilities (PWD),2023-12,1,2024-01,0
2024-03,SFO,,2023-12,261,2024-01,260
2024-03,SFO,Airline,2024-01,1,2024-01,2
2024-03,SFO,Civil Rights,2024-01,8,2024-01,7
2024-03,SFO,Customer Service,2024-01,15,2024-01,16
2024-03,SFO,Screening,2023-11,11,2024-01,10
2024-03,SGF,,2023-11,10,2024-01,9
2024-03,SGF,,2024-01,7,2024-01,6
2024-03,SGF,Expedited Passenger Screening Program,2023-11,8,2024-01,7
2024-03,SGF,Expedited Passenger Screening Program,2024-01,6,2024-01,5
2024-03,SJC,Civil Rights,2024-01,1,2024-01,0
2024-03,SJC,Patdown,2024-01,0,2024-01,1
2024-03,SJU,,2023-11,27,2024-01,26
2024-03,SJU,,2023-12,51,2024-01,50
2024-03,SJU,Airline,2023-11,1,2024-01,0
2024-03,SJU,Screening,2023-12,2,2024-01,1
2024-03,SLC,,2023-11,90,2024-01,89
2024-03,SLC,,2023-12,111,2024-01,108
2024-03,SLC,,2024-01,128,2024-01,124
2024-03,SLC,Claims,2023-12,0,2024-01,1
2024-03,SLC,Customer Service,2023-12,13,2024-01,12
2024-03,SLC,Customer Service,2024-01,18,2024-01,17
2024-03,SLC,Expedited Passenger Screening Program,2023-12,78,2024-01,76
2024-03,SLC,Expedited Passenger Screening Program,2024-01,77,2024-01,74
2024-03,SLC,Persons w/ Disabilities (PWD),2023-11,2,2024-01,1
2024-03,SLC,Screening,2023-12,11,2024-01,10
2024-03,SNA,Mishandling of Passenger Property,2023-06,1,2024-01,2
2024-03,SNA,Property - Special Handling,2023-06,1,2024-01,0
2024-03,STL,Patdown,2024-01,0,2024-01,1
2024-03,STL,Screening,2024-01,2,2024-01,1
2024-03,SWF,,2023-11,2,2024-01,1
2024-03,TPA,,2023-08,131,2024-01,130
2024-03,TPA,Expedited Passenger Screening Program,2023-08,104,2024-01,103
2024-03,TPA,,2023-12,162,2024-01,161
2024-03,TPA,Civil Rights,2024-01,1,2024-01,0
2024-03,TPA,Customer Service,2023-11,13,2024-01,14
2024-03,TPA,Expedited Passenger Screening Program,2023-11,89,2024-01,90
2024-03,TPA,Screening,2023-11,12,2024-01,10
2024-03,TPA,Screening,2023-12,7,2024-01,6
2024-03,TPA,Screening,2024-01,5,2024-01,6
2024-03,TUS,Screening,2023-11,2,2024-01,1
2024-03,TYS,Civil Rights,2023-11,1,2024-01,0
2024-03,TYS,Screening,2023-11,2,2024-01,3
2024-03,VPS,Customer Service,2023-11,7,2024-01,6
2024-03,XNA,,2024-01,8,2024-01,7
2024-03,XNA,Expedited Passenger Screening Program,2024-01,6,2024-01,5
2024-03,YKM,,2024-01,5,2024-01,3
2024-03,YKM,Expedited Passenger Screening Program,2024-01,5,2024-01,3
2024-03,,,2023-08,4459,2024-01,4462
2024-03,,Expedited Passenger Screening Program,2023-08,4188,2024-01,4191
2024-03,,,2023-11,2655,2024-01,2659
2024-03,,,2023-12,3659,2024-01,3658
2024-03,,,2024-01,3306,2024-01,3316
2024-03,,Airline,2023-11,6,2024-01,7
2024-03,,Airline,2024-01,13,2024-01,14
2024-03,,Civil Rights,2023-11,3,2024-01,2
2024-03,,Civil Rights,2024-01,6,2024-01,9
2024-03,,Claims,2023-12,6,2024-01,5
2024-03,,Claims,2024-01,6,2024-01,7
2024-03,,Customer Service,2023-11,11,2024-01,12
2024-03,,Customer Service,2023-12,75,2024-01,77
2024-03,,Customer Service,2024-01,57,2024-01,58
2024-03,,Expedited Passenger Screening Program,2023-12,3231,2024-01,3228
2024-03,,Expedited Passenger Screening Program,2024-01,2912,2024-01,2914
2024-03,,Federal Air Marshall Service (FAMS),2023-12,2,2024-01,1
2024-03,,Hazardous Materials Safety,2024-01,5,2024-01,4
2024-03,,Mishandling of Passenger Property,2023-11,9,2024-01,8
2024-03,,Mishandling of Passenger Property,2024-01,41,2024-01,42
2024-03,,No Jurisdiction,2023-11,67,2024-01,64
2024-03,,No Jurisdiction,2023-12,75,2024-01,73
2024-03,,No Jurisdiction,2024-01,83,2024-01,80
2024-03,,No Subject,2023-12,10,2024-01,11
2024-03,,Notice of Violation/Civil Penalties,2024-01,4,2024-01,5
2024-03,,Patdown,2023-12,15,2024-01,18
2024-03,,Patdown,2024-01,2,2024-01,3
2024-03,,Property - Special Handling,2023-11,12,2024-01,16
2024-03,,Screening,2023-11,28,2024-01,29
2024-03,,Screening,2023-12,74,2024-01,73
2024-03,,Screening,2024-01,63,2024-01,66
2024-03,,TWIC,2024-01,14,2024-01,13
2024-03,ATL,,2022-10,451,2023-10,452
2024-03,ATL,Expedited Passenger Screening Program,2022-10,331,2023-10,332
2024-03,AVL,,2023-07,19,2023-10,18
2024-03,AVL,Expedited Passenger Screening Program,2023-07,16,2023-10,15
2024-03,BIL,,2022-11,5,2023-10,7
2024-03,BOI,Expedited Passenger Screening Program,2023-08,25,2023-10,24
2024-03,BOS,,2023-06,274,2023-10,275
2024-03,BOS,Expedited Passenger Screening Program,2023-06,197,2023-10,198
2024-03,BOS,,2023-10,358,2023-10,357
2024-03,BOS,Expedited Passenger Screening Program,2023-10,259,2023-10,258
2024-03,CID,Persons w/ Disabilities (PWD),2023-10,0,2023-10,1
2024-03,DCA,,2023-09,205,2023-10,206
2024-03,DCA,,2023-10,198,2023-10,199
2024-03,DCA,Expedited Passenger Screening Program,2023-10,167,2023-10,168
2024-03,DEN,,2023-06,432,2023-10,431
2024-03,DEN,,2023-09,430,2023-10,431
2024-03,DEN,Expedited Passenger Screening Program,2023-06,296,2023-10,295
2024-03,DEN,Expedited Passenger Screening Program,2023-09,303,2023-10,304
2024-03,DFW,,2023-08,281,2023-10,282
2024-03,DFW,Expedited Passenger Screening Program,2023-08,182,2023-10,183
2024-03,GSO,Mishandling of Passenger Property,2023-10,0,2023-10,1
2024-03,IAH,,2023-08,260,2023-10,261
2024-03,IAH,,2023-09,291,2023-10,293
2024-03,IAH,Expedited Passenger Screening Program,2023-08,188,2023-10,189
2024-03,IAH,Expedited Passenger Screening Program,2023-09,221,2023-10,223
2024-03,LIT,,2023-09,8,2023-10,7
2024-03,LIT,Expedited Passenger Screening Program,2023-09,7,2023-10,6
2024-03,MCO,,2023-09,319,2023-10,320
2024-03,MCO,Mishandling of Passenger Property,2023-09,6,2023-10,7
2024-03,MCO,Property - Special Handling,2023-09,16,2023-10,15
2024-03,MCO,Screening,2023-09,30,2023-10,31
2024-03,MIA,,2023-02,226,2023-10,227
2024-03,MIA,Expedited Passenger Screening Program,2023-02,130,2023-10,131
2024-03,MOB,,2023-09,4,2023-10,5
2024-03,MOB,Expedited Passenger Screening Program,2023-09,2,2023-10,3
2024-03,PHX,,2023-07,191,2023-10,192
2024-03,PHX,Expedited Passenger Screening Program,2023-07,123,2023-10,124
2024-03,SEA,,2023-06,390,2023-10,391
2024-03,SEA,Persons w/ Disabilities (PWD),2023-06,10,2023-10,11
2024-03,SJU,,2023-07,40,2023-10,41
2024-03,SJU,Expedited Passenger Screening Program,2023-07,26,2023-10,27
2024-03,SNA,Mishandling of Passenger Property,2023-06,1,2023-10,2
2024-03,SNA,Property - Special Handling,2023-06,1,2023-10,0
2024-03,SNA,Patdown,2023-10,4,2023-10,3
2024-03,TPA,,2023-08,131,2023-10,130
2024-03,TPA,Expedited Passenger Screening Program,2023-08,104,2023-10,103
2024-03,,,2023-02,3288,2023-10,3289
2024-03,,,2023-07,4034,2023-10,4033
2024-03,,,2023-08,4459,2023-10,4461
2024-03,,,2023-09,4150,2023-10,4149
2024-03,,Expedited Passenger Screening Program,2023-02,3119,2023-10,3120
2024-03,,Expedited Passenger Screening Program,2023-07,3802,2023-10,3801
2024-03,,Expedited Passenger Screening Program,2023-08,4188,2023-10,4190
2024-03,,Expedited Passenger Screening Program,2023-09,3945,2023-10,3944
2024-03,,,2023-10,3805,2023-10,3803
2024-03,,Customer Service,2023-10,11,2023-10,10
2024-03,,Expedited Passenger Screening Program,2023-10,3614,2023-10,3613
2024-03,ABE,,2023-08,9,2023-08,8
2024-03,ABE,Patdown,2023-08,2,2023-08,1
2024-03,ANC,,2023-08,35,2023-08,34
2024-03,ANC,Expedited Passenger Screening Program,2023-08,23,2023-08,22
2024-03,ATL,,2022-10,451,2023-08,452
2024-03,ATL,,2023-08,440,2023-08,422
2024-03,ATL,Customer Service,2023-08,56,2023-08,53
2024-03,ATL,Expedited Passenger Screening Program,2022-10,331,2023-08,332
2024-03,ATL,Expedited Passenger Screening Program,2023-08,297,2023-08,283
2024-03,ATL,Screening,2023-08,41,2023-08,40
2024-03,AUS,,2023-08,121,2023-08,118
2024-03,AUS,Expedited Passenger Screening Program,2023-08,89,2023-08,86
2024-03,AVL,,2023-07,19,2023-08,18
2024-03,AVL,Expedited Passenger Screening Program,2023-07,16,2023-08,15
2024-03,BDL,,2023-08,52,2023-08,49
2024-03,BDL,Civil Rights,2023-08,1,2023-08,0
2024-03,BDL,Expedited Passenger Screening Program,2023-08,39,2023-08,37
2024-03,BHM,,2023-08,23,2023-08,22
2024-03,BHM,Expedited Passenger Screening Program,2023-08,9,2023-08,8
2024-03,BIL,,2022-11,5,2023-08,7
2024-03,BIL,,2023-08,6,2023-08,5
2024-03,BIL,Expedited Passenger Screening Program,2023-08,6,2023-08,5
2024-03,BNA,,2023-08,97,2023-08,92
2024-03,BNA,Customer Service,2023-08,10,2023-08,9
2024-03,BNA,Expedited Passenger Screening Program,2023-08,69,2023-08,65
2024-03,BOI,,2023-08,30,2023-08,29
2024-03,BOI,Expedited Passenger Screening Program,2023-08,25,2023-08,23
2024-03,BOS,,2023-06,274,2023-08,275
2024-03,BOS,,2023-08,261,2023-08,256
2024-03,BOS,Expedited Passenger Screening Program,2023-06,197,2023-08,198
2024-03,BOS,Expedited Passenger Screening Program,2023-08,176,2023-08,171
2024-03,BTV,,2023-08,10,2023-08,9
2024-03,BTV,Screening,2023-08,4,2023-08,3
2024-03,BUF,,2023-08,34,2023-08,33
2024-03,BUF,Expedited Passenger Screening Program,2023-08,32,2023-08,31
2024-03,BWI,,2023-07,136,2023-08,137
2024-03,BWI,,2023-08,132,2023-08,130
2024-03,BWI,Civil Rights,2023-07,7,2023-08,8
2024-03,BWI,Expedited Passenger Screening Program,2023-08,73,2023-08,72
2024-03,BWI,Screening,2023-08,19,2023-08,18
2024-03,CHA,,2023-08,6,2023-08,5
2024-03,CHA,Expedited Passenger Screening Program,2023-08,6,2023-08,5
2024-03,CLE,,2023-08,78,2023-08,76
2024-03,CLE,Expedited Passenger Screening Program,2023-08,54,2023-08,52
2024-03,CLT,,2023-08,145,2023-08,139
2024-03,CLT,Expedited Passenger Screening Program,2023-08,102,2023-08,96
2024-03,CMH,,2023-08,62,2023-08,60
2024-03,CMH,Expedited Passenger Screening Program,2023-08,45,2023-08,43
2024-03,COS,,2023-08,20,2023-08,19
2024-03,COS,Expedited Passenger Screening Program,2023-08,16,2023-08,15
2024-03,CRP,,2023-08,5,2023-08,4
2024-03,CRP,Expedited Passenger Screening Program,2023-08,4,2023-08,3
2024-03,DAL,,2023-08,59,2023-08,57
2024-03,DAL,Customer Service,2023-08,2,2023-08,1
2024-03,DAL,Expedited Passenger Screening Program,2023-08,37,2023-08,36
2024-03,DCA,,2023-08,144,2023-08,140
2024-03,DCA,Expedited Passenger Screening Program,2023-08,101,2023-08,97
2024-03,DEN,,2023-06,432,2023-08,431
2024-03,DEN,,2023-07,508,2023-08,506
2024-03,DEN,,2023-08,422,2023-08,411
2024-03,DEN,Expedited Passenger Screening Program,2023-06,296,2023-08,295
2024-03,DEN,Expedited Passenger Screening Program,2023-07,313,2023-08,312
2024-03,DEN,Expedited Passenger Screening Program,2023-08,282,2023-08,271
2024-03,DEN,Persons w/ Disabilities (PWD),2023-07,13,2023-08,12
2024-03,DFW,,2023-08,281,2023-08,275
2024-03,DFW,Customer Service,2023-08,29,2023-08,28
2024-03,DFW,Expedited Passenger Screening Program,2023-08,182,2023-08,177
2024-03,DIK,,2023-08,3,2023-08,2
2024-03,DIK,Expedited Passenger Screening Program,2023-08,1,2023-08,0
2024-03,DTW,,2023-08,158,2023-08,155
2024-03,DTW,Expedited Passenger Screening Program,2023-08,116,2023-08,113
2024-03,ELP,,2023-08,22,2023-08,19
2024-03,ELP,Expedited Passenger Screening Program,2023-08,15,2023-08,12
2024-03,EWR,,2023-08,495,2023-08,485
2024-03,EWR,Expedited Passenger Screening Program,2023-08,346,2023-08,337
2024-03,EWR,Screening,2023-08,57,2023-08,56
2024-03,FLL,,2023-08,131,2023-08,124
2024-03,FLL,Customer Service,2023-08,13,2023-08,11
2024-03,FLL,Expedited Passenger Screening Program,2023-08,87,2023-08,83
2024-03,FLL,Screening,2023-08,11,2023-08,10
2024-03,GPT,,2023-08,9,2023-08,7
2024-03,GPT,Expedited Passenger Screening Program,2023-08,8,2023-08,6
2024-03,GSP,,2023-08,19,2023-08,17
2024-03,GSP,Expedited Passenger Screening Program,2023-08,14,2023-08,12
2024-03,GUM,,2023-08,5,2023-08,4
2024-03,GUM,Expedited Passenger Screening Program,2023-08,4,2023-08,3
2024-03,HNL,,2023-08,87,2023-08,85
2024-03,HNL,Expedited Passenger Screening Program,2023-08,59,2023-08,57
2024-03,HPN,,2023-08,11,2023-08,10
2024-03,HPN,Expedited Passenger Screening Program,2023-08,8,2023-08,7
2024-03,HSV,,2023-08,19,2023-08,18
2024-03,HSV,Screening,2023-08,2,2023-08,1
2024-03,IAD,,2023-08,174,2023-08,171
2024-03,IAD,Expedited Passenger Screening Program,2023-08,144,2023-08,141
2024-03,IAH,,2023-08,260,2023-08,259
2024-03,IAH,Expedited Passenger Screening Program,2023-08,188,2023-08,187
2024-03,IMT,,2023-08,2,2023-08,1
2024-03,IMT,Expedited Passenger Screening Program,2023-08,2,2023-08,1
2024-03,IND,,2023-08,55,2023-08,54
2024-03,IND,Expedited Passenger Screening Program,2023-08,35,2023-08,34
2024-03,JAX,,2023-08,60,2023-08,58
2024-03,JAX,Expedited Passenger Screening Program,2023-08,44,2023-08,42
2024-03,JFK,,2023-08,364,2023-08,351
2024-03,JFK,Customer Service,2023-08,46,2023-08,45
2024-03,JFK,Expedited Passenger Screening Program,2023-08,211,2023-08,200
2024-03,JFK,Screening,2023-08,45,2023-08,44
2024-03,LAS,,2023-08,199,2023-08,196
2024-03,LAS,Customer Service,2023-08,32,2023-08,31
2024-03,LAS,Expedited Passenger Screening Program,2023-08,111,2023-08,110
2024-03,LAS,Mishandling of Passenger Property,2023-07,10,2023-08,11
2024-03,LAS,Property - Special Handling,2023-07,9,2023-08,8
2024-03,LAS,Screening,2023-08,27,2023-08,26
2024-03,LAX,,2023-08,379,2023-08,369
2024-03,LAX,Customer Service,2023-08,20,2023-08,19
2024-03,LAX,Expedited Passenger Screening Program,2023-08,283,2023-08,274
2024-03,LGA,,2023-08,189,2023-08,178
2024-03,LGA,Customer Service,2023-08,15,2023-08,14
2024-03,LGA,Expedited Passenger Screening Program,2023-08,133,2023-08,124
2024-03,LGA,Screening,2023-08,18,2023-08,17
2024-03,MCO,,2023-07,350,2023-08,349
2024-03,MCO,,2023-08,298,2023-08,292
2024-03,MCO,Expedited Passenger Screening Program,2023-07,221,2023-08,220
2024-03,MCO,Expedited Passenger Screening Program,2023-08,197,2023-08,192
2024-03,MCO,Persons w/ Disabilities (PWD),2023-08,13,2023-08,12
2024-03,MDW,,2023-08,68,2023-08,64
2024-03,MDW,Expedited Passenger Screening Program,2023-08,35,2023-08,32
2024-03,MDW,Persons w/ Disabilities (PWD),2023-08,4,2023-08,3
2024-03,MEM,,2023-08,33,2023-08,32
2024-03,MEM,Expedited Passenger Screening Program,2023-08,24,2023-08,23
2024-03,MIA,,2023-02,226,2023-08,227
2024-03,MIA,,2023-08,196,2023-08,189
2024-03,MIA,Expedited Passenger Screening Program,2023-02,130,2023-08,131
2024-03,MIA,Expedited Passenger Screening Program,2023-08,95,2023-08,88
2024-03,MSP,,2023-08,141,2023-08,137
2024-03,MSP,Expedited Passenger Screening Program,2023-08,106,2023-08,103
2024-03,MSP,Mishandling of Passenger Property,2023-08,2,2023-08,1
2024-03,MSY,,2023-08,90,2023-08,88
2024-03,MSY,Expedited Passenger Screening Program,2023-08,63,2023-08,61
2024-03,MYR,,2023-08,29,2023-08,27
2024-03,MYR,Expedited Passenger Screening Program,2023-08,20,2023-08,18
2024-03,OAK,,2023-08,42,2023-08,40
2024-03,OAK,Expedited Passenger Screening Program,2023-08,31,2023-08,29
2024-03,OMA,,2023-08,35,2023-08,34
2024-03,OMA,Expedited Passenger Screening Program,2023-08,16,2023-08,15
2024-03,ORD,,2023-08,348,2023-08,329
2024-03,ORD,Customer Service,2023-08,40,2023-08,38
2024-03,ORD,Expedited Passenger Screening Program,2023-08,259,2023-08,242
2024-03,ORF,,2023-08,55,2023-08,54
2024-03,ORF,Patdown,2023-08,4,2023-08,3
2024-03,PBI,,2023-08,40,2023-08,37
2024-03,PBI,Customer Service,2023-08,5,2023-08,4
2024-03,PBI,Expedited Passenger Screening Program,2023-08,31,2023-08,29
2024-03,PDX,,2023-08,121,2023-08,116
2024-03,PDX,Customer Service,2023-08,14,2023-08,13
2024-03,PDX,Expedited Passenger Screening Program,2023-08,87,2023-08,83
2024-03,PHL,,2023-06,198,2023-08,197
2024-03,PHL,,2023-08,176,2023-08,172
2024-03,PHL,Customer Service,2023-08,17,2023-08,16
2024-03,PHL,Expedited Passenger Screening Program,2023-08,128,2023-08,125
2024-03,PHL,Property - Special Handling,2023-06,3,2023-08,2
2024-03,PHX,,2023-06,221,2023-08,222
2024-03,PHX,,2023-07,191,2023-08,192
2024-03,PHX,,2023-08,184,2023-08,180
2024-03,PHX,Expedited Passenger Screening Program,2023-06,150,2023-08,151
2024-03,PHX,Expedited Passenger Screening Program,2023-07,123,2023-08,124
2024-03,PHX,Expedited Passenger Screening Program,2023-08,111,2023-08,108
2024-03,PHX,Patdown,2023-08,8,2023-08,7
2024-03,PIT,,2023-06,47,2023-08,48
2024-03,PIT,,2023-08,61,2023-08,58
2024-03,PIT,Expedited Passenger Screening Program,2023-08,52,2023-08,49
2024-03,PIT,Screening,2023-06,0,2023-08,1
2024-03,PSP,,2023-08,12,2023-08,11
2024-03,PSP,Expedited Passenger Screening Program,2023-08,8,2023-08,7
2024-03,PVD,,2023-08,19,2023-08,17
2024-03,PVD,Expedited Passenger Screening Program,2023-08,13,2023-08,11
2024-03,PWM,,2023-08,17,2023-08,16
2024-03,PWM,Expedited Passenger Screening Program,2023-08,13,2023-08,12
2024-03,RAP,,2023-08,16,2023-08,15
2024-03,RAP,Screening,2023-08,5,2023-08,4
2024-03,RDM,,2023-08,6,2023-08,5
2024-03,RDM,Expedited Passenger Screening Program,2023-08,6,2023-08,5
2024-03,RDU,,2023-08,84,2023-08,83
2024-03,RDU,Expedited Passenger Screening Program,2023-08,62,2023-08,61
2024-03,RNO,,2023-08,32,2023-08,31
2024-03,RNO,Expedited Passenger Screening Program,2023-08,21,2023-08,20
2024-03,RSW,,2023-08,55,2023-08,53
2024-03,RSW,Expedited Passenger Screening Program,2023-08,37,2023-08,35
2024-03,SAN,Additional Information Required/Insufficient Information,2023-08,0,2023-08,1
2024-03,SAN,Property - Special Handling,2023-08,3,2023-08,2
2024-03,SAT,,2023-08,49,2023-08,46
2024-03,SAT,Expedited Passenger Screening Program,2023-08,42,2023-08,39
2024-03,SDF,,2023-08,31,2023-08,30
2024-03,SDF,Expedited Passenger Screening Program,2023-08,21,2023-08,20
2024-03,SEA,,2023-06,390,2023-08,391
2024-03,SEA,,2023-08,371,2023-08,360
2024-03,SEA,Customer Service,2023-08,34,2023-08,32
2024-03,SEA,Expedited Passenger Screening Program,2023-08,236,2023-08,227
2024-03,SEA,Persons w/ Disabilities (PWD),2023-06,10,2023-08,11
2024-03,SFB,,2023-08,15,2023-08,14
2024-03,SFB,Expedited Passenger Screening Program,2023-08,7,2023-08,6
2024-03,SFO,,2023-08,283,2023-08,274
2024-03,SFO,Expedited Passenger Screening Program,2023-08,239,2023-08,230
2024-03,SJU,,2023-07,40,2023-08,41
2024-03,SJU,,2023-08,34,2023-08,33
2024-03,SJU,Expedited Passenger Screening Program,2023-07,26,2023-08,27
2024-03,SLC,,2023-08,109,2023-08,102
2024-03,SLC,Customer Service,2023-08,18,2023-08,16
2024-03,SLC,Expedited Passenger Screening Program,2023-08,64,2023-08,59
2024-03,SMF,,2023-08,49,2023-08,48
2024-03,SMF,Expedited Passenger Screening Program,2023-08,31,2023-08,30
2024-03,SNA,,2023-08,68,2023-08,66
2024-03,SNA,Expedited Passenger Screening Program,2023-08,62,2023-08,60
2024-03,SNA,Mishandling of Passenger Property,2023-06,1,2023-08,2
2024-03,SNA,Property - Special Handling,2023-06,1,2023-08,0
2024-03,SRQ,,2023-08,10,2023-08,9
2024-03,SRQ,Expedited Passenger Screening Program,2023-08,8,2023-08,7
2024-03,STL,,2023-08,68,2023-08,67
2024-03,STL,Expedited Passenger Screening Program,2023-08,48,2023-08,47
2024-03,TPA,,2023-08,131,2023-08,125
2024-03,TPA,Expedited Passenger Screening Program,2023-08,104,2023-08,98
2024-03,TUS,,2023-08,19,2023-08,18
2024-03,TUS,Expedited Passenger Screening Program,2023-08,18,2023-08,17
2024-03,VPS,,2023-08,14,2023-08,12
2024-03,VPS,Expedited Passenger Screening Program,2023-08,11,2023-08,9
2024-03,,,2023-02,3288,2023-08,3289
2024-03,,,2023-04,3299,2023-08,3298
2024-03,,,2023-06,3994,2023-08,3993
2024-03,,,2023-07,4034,2023-08,4035
2024-03,,,2023-08,4459,2023-08,4397
2024-03,,Customer Service,2023-08,13,2023-08,12
2024-03,,Expedited Passenger Screening Program,2023-02,3119,2023-08,3120
2024-03,,Expedited Passenger Screening Program,2023-04,3101,2023-08,3100
2024-03,,Expedited Passenger Screening Program,2023-06,3775,2023-08,3774
2024-03,,Expedited Passenger Screening Program,2023-07,3802,2023-08,3803
2024-03,,Expedited Passenger Screening Program,2023-08,4188,2023-08,4129
2024-03,,HAZMAT Endorsement,2023-08,12,2023-08,11
2024-03,,Persons w/ Disabilities (PWD),2023-08,6,2023-08,5
2024-03,ATL,,2022-10,451,2023-05,452
2024-03,ATL,Customer Service,2023-05,59,2023-05,60
2024-03,ATL,Expedited Passenger Screening Program,2022-10,331,2023-05,332
2024-03,ATL,Persons w/ Disabilities (PWD),2023-05,8,2023-05,7
2024-03,BIL,,2022-11,5,2023-05,7
2024-03,BOS,,2023-05,253,2023-05,251
2024-03,BOS,Persons w/ Disabilities (PWD),2023-05,7,2023-05,6
2024-03,BOS,Screening,2023-05,17,2023-05,16
2024-03,BUR,Customer Service,2023-05,1,2023-05,0
2024-03,BUR,Persons w/ Disabilities (PWD),2023-05,2,2023-05,3
2024-03,CAK,Screening,2023-05,0,2023-05,1
2024-03,CVG,Civil Rights,2023-05,0,2023-05,1
2024-03,CVG,Patdown,2023-05,1,2023-05,0
2024-03,DAL,,2023-04,54,2023-05,55
2024-03,DAL,Expedited Passenger Screening Program,2023-04,40,2023-05,41
2024-03,DCA,Civil Rights,2023-05,5,2023-05,4
2024-03,DCA,Screening,2023-05,13,2023-05,14
2024-03,DEN,,2023-05,479,2023-05,480
2024-03,DEN,Civil Rights,2023-05,7,2023-05,9
2024-03,DEN,Patdown,2023-05,7,2023-05,6
2024-03,DFW,,2023-05,317,2023-05,315
2024-03,DFW,Civil Rights,2023-05,2,2023-05,3
2024-03,DFW,Customer Service,2023-05,46,2023-05,47
2024-03,DFW,Expedited Passenger Screening Program,2023-05,199,2023-05,198
2024-03,DFW,Locks,2023-05,1,2023-05,0
2024-03,DFW,Patdown,2023-05,9,2023-05,8
2024-03,DFW,Persons w/ Disabilities (PWD),2023-05,10,2023-05,9
2024-03,DTW,,2023-05,208,2023-05,209
2024-03,DTW,Patdown,2023-05,3,2023-05,4
2024-03,DTW,Persons w/ Disabilities (PWD),2023-05,2,2023-05,1
2024-03,DTW,Screening,2023-05,5,2023-05,6
2024-03,EWR,Civil Rights,2023-04,4,2023-05,5
2024-03,EWR,Patdown,2023-04,5,2023-05,4
2024-03,FAT,,2023-05,21,2023-05,20
2024-03,FAT,Screening,2023-05,3,2023-05,4
2024-03,GSO,Civil Rights,2023-05,1,2023-05,2
2024-03,GSO,Persons w/ Disabilities (PWD),2023-05,1,2023-05,0
2024-03,IAH,,2023-05,330,2023-05,331
2024-03,IAH,Civil Rights,2023-05,4,2023-05,6
2024-03,IAH,Mishandling of Passenger Property,2023-04,9,2023-05,8
2024-03,IAH,No Jurisdiction,2023-05,3,2023-05,2
2024-03,IAH,Property - Special Handling,2023-04,13,2023-05,14
2024-03,IND,Civil Rights,2023-05,2,2023-05,1
2024-03,IND,Customer Service,2023-05,9,2023-05,10
2024-03,JAX,,2023-05,75,2023-05,74
2024-03,JAX,Property - Special Handling,2023-05,2,2023-05,1
2024-03,JFK,Persons w/ Disabilities (PWD),2023-05,14,2023-05,13
2024-03,JFK,Screening,2023-05,40,2023-05,41
2024-03,LAX,,2023-05,432,2023-05,431
2024-03,LAX,Civil Rights,2023-05,10,2023-05,11
2024-03,LAX,Customer Service,2023-05,19,2023-05,20
2024-03,LAX,Patdown,2023-05,7,2023-05,6
2024-03,LAX,Persons w/ Disabilities (PWD),2023-05,4,2023-05,3
2024-03,LAX,Screening,2023-05,15,2023-05,14
2024-03,LGA,,2023-05,192,2023-05,191
2024-03,LGA,Persons w/ Disabilities (PWD),2023-05,3,2023-05,2
2024-03,LIT,Civil Rights,2023-05,0,2023-05,2
2024-03,LIT,Customer Service,2023-05,3,2023-05,2
2024-03,LIT,Persons w/ Disabilities (PWD),2023-05,1,2023-05,0
2024-03,MCI,,2023-05,81,2023-05,80
2024-03,MCI,Expedited Passenger Screening Program,2023-05,67,2023-05,66
2024-03,MCO,Customer Service,2023-05,41,2023-05,40
2024-03,MCO,Lost and Found,2023-05,2,2023-05,3
2024-03,MCO,Persons w/ Disabilities (PWD),2023-05,19,2023-05,20
2024-03,MCO,Screening,2023-05,37,2023-05,36
2024-03,MDW,Customer Service,2023-05,16,2023-05,17
2024-03,MDW,Persons w/ Disabilities (PWD),2023-05,3,2023-05,2
2024-03,MIA,,2023-02,226,2023-05,227
2024-03,MIA,,2023-05,218,2023-05,217
2024-03,MIA,Expedited Passenger Screening Program,2023-02,130,2023-05,131
2024-03,MIA,Lost and Found,2023-05,3,2023-05,2
2024-03,OGG,Persons w/ Disabilities (PWD),2023-05,4,2023-05,5
2024-03,OGG,Screening,2023-05,3,2023-05,2
2024-03,ONT,,2022-07,34,2023-05,33
2024-03,ONT,Mishandling of Passenger Property,2022-07,3,2023-05,2
2024-03,ONT,Civil Rights,2023-05,2,2023-05,3
2024-03,ONT,Patdown,2023-05,3,2023-05,2
2024-03,ORD,,2023-05,361,2023-05,358
2024-03,ORD,Property - Special Handling,2023-05,8,2023-05,6
2024-03,ORD,Screening,2023-05,17,2023-05,16
2024-03,PHX,,2023-05,256,2023-05,258
2024-03,PHX,Civil Rights,2023-05,2,2023-05,4
2024-03,PHX,Locks,2023-05,4,2023-05,5
2024-03,PHX,Mishandling of Passenger Property,2023-05,10,2023-05,9
2024-03,PHX,Persons w/ Disabilities (PWD),2023-05,8,2023-05,7
2024-03,PHX,Property - Special Handling,2023-05,13,2023-05,14
2024-03,RFD,,2023-05,4,2023-05,5
2024-03,RIC,Civil Rights,2023-05,0,2023-05,1
2024-03,RIC,Persons w/ Disabilities (PWD),2023-05,2,2023-05,1
2024-03,SAN,,2023-04,142,2023-05,143
2024-03,SAN,Customer Service,2023-05,11,2023-05,12
2024-03,SAN,No Jurisdiction,2023-05,2,2023-05,1
2024-03,SAN,Property - Special Handling,2023-04,2,2023-05,3
2024-03,SFO,Civil Rights,2023-05,8,2023-05,7
2024-03,SFO,Patdown,2023-05,2,2023-05,3
2024-03,SHR,,2023-05,0,2023-05,1
2024-03,SYR,,2023-04,30,2023-05,29
2024-03,SYR,No Jurisdiction,2023-04,1,2023-05,0
2024-03,TUL,,2022-11,19,2023-05,18
2024-03,TUL,Expedited Passenger Screening Program,2022-11,17,2023-05,16
2024-03,,,2023-02,3288,2023-05,3289
2024-03,,,2023-04,3299,2023-05,3297
2024-03,,,2023-05,3669,2023-05,3667
2024-03,,Customer Service,2023-05,17,2023-05,16
2024-03,,Expedited Passenger Screening Program,2023-02,3119,2023-05,3120
2024-03,,Expedited Passenger Screening Program,2023-04,3101,2023-05,3099
2024-03,,Expedited Passenger Screening Program,2023-05,3411,2023-05,3409
2024-03,,No Jurisdiction,2023-05,72,2023-05,71
2024-03,,Persons w/ Disabilities (PWD),2023-05,6,2023-05,7
2024-03,,Property - Special Handling,2023-05,8,2023-05,9
2024-03,ATL,,2022-10,451,2023-03,452
2024-03,ATL,Expedited Passenger Screening Program,2022-10,331,2023-03,332
2024-03,BIL,,2022-11,5,2023-03,7
2024-03,BUF,,2023-01,30,2023-03,29
2024-03,BUF,Expedited Passenger Screening Program,2023-01,28,2023-03,27
2024-03,CLT,Civil Rights,2023-03,2,2023-03,1
2024-03,CLT,Screening,2023-03,11,2023-03,12
2024-03,DAL,,2023-03,56,2023-03,58
2024-03,DAL,Customer Service,2023-03,4,2023-03,5
2024-03,DAL,Expedited Passenger Screening Program,2023-03,42,2023-03,43
2024-03,DAL,Patdown,2023-03,1,2023-03,2
2024-03,DAL,Persons w/ Disabilities (PWD),2023-03,2,2023-03,1
2024-03,DCA,,2022-12,189,2023-03,188
2024-03,DCA,Expedited Passenger Screening Program,2022-12,160,2023-03,159
2024-03,GPT,,2023-03,4,2023-03,5
2024-03,GPT,Persons w/ Disabilities (PWD),2023-03,0,2023-03,1
2024-03,HPN,Persons w/ Disabilities (PWD),2023-03,1,2023-03,0
2024-03,HPN,Screening,2023-03,3,2023-03,4
2024-03,IAH,,2023-03,301,2023-03,300
2024-03,IAH,Expedited Passenger Screening Program,2023-03,213,2023-03,212
2024-03,MIA,,2023-02,226,2023-03,227
2024-03,MIA,Expedited Passenger Screening Program,2023-02,130,2023-03,131
2024-03,ONT,,2022-07,34,2023-03,33
2024-03,ONT,Mishandling of Passenger Property,2022-07,3,2023-03,2
2024-03,SRQ,,2023-03,41,2023-03,40
2024-03,SRQ,Persons w/ Disabilities (PWD),2023-03,1,2023-03,0
2024-03,TUL,,2022-11,19,2023-03,18
2024-03,TUL,Expedited Passenger Screening Program,2022-11,17,2023-03,16
2024-03,,,2022-09,4053,2023-03,4052
2024-03,,Expedited Passenger Screening Program,2022-09,3842,2023-03,3841
2024-03,,,2023-02,3288,2023-03,3289
2024-03,,,2023-03,3851,2023-03,3850
2024-03,,Expedited Passenger Screening Program,2023-02,3119,2023-03,3120
2024-03,,Expedited Passenger Screening Program,2023-03,3639,2023-03,3638
2024-03,ATL,,2022-10,451,2023-01,452
2024-03,ATL,Expedited Passenger Screening Program,2022-10,331,2023-01,332
2024-03,AVL,,2022-08,21,2023-01,22
2024-03,AVL,Screening,2022-08,2,2023-01,3
2024-03,BIL,,2022-11,5,2023-01,7
2024-03,BOI,Persons w/ Disabilities (PWD),2023-01,1,2023-01,0
2024-03,BUF,,2023-01,30,2023-01,29
2024-03,BUF,Expedited Passenger Screening Program,2023-01,28,2023-01,27
2024-03,CLE,,2023-01,110,2023-01,109
2024-03,CLE,Screening,2023-01,4,2023-01,3
2024-03,DAL,,2023-01,44,2023-01,46
2024-03,DAL,Property - Special Handling,2023-01,1,2023-01,2
2024-03,DAL,Screening,2023-01,2,2023-01,3
2024-03,DCA,,2022-12,189,2023-01,188
2024-03,DCA,Expedited Passenger Screening Program,2022-12,160,2023-01,159
2024-03,DEN,Civil Rights,2023-01,4,2023-01,3
2024-03,DEN,Expedited Passenger Screening Program,2023-01,283,2023-01,284
2024-03,DFW,,2023-01,259,2023-01,257
2024-03,DFW,Property - Special Handling,2023-01,8,2023-01,7
2024-03,DFW,Screening,2023-01,21,2023-01,20
2024-03,FLL,,2022-11,205,2023-01,204
2024-03,FLL,Expedited Passenger Screening Program,2022-11,141,2023-01,140
2024-03,IAD,,2022-10,197,2023-01,198
2024-03,IAD,Mishandling of Passenger Property,2022-10,1,2023-01,2
2024-03,LAS,,2023-01,208,2023-01,207
2024-03,LAS,Screening,2023-01,21,2023-01,20
2024-03,MIA,Civil Rights,2023-01,5,2023-01,4
2024-03,MIA,Customer Service,2023-01,32,2023-01,33
2024-03,MSP,,2022-11,171,2023-01,170
2024-03,MSP,Expedited Passenger Screening Program,2022-11,144,2023-01,143
2024-03,ONT,,2022-07,34,2023-01,33
2024-03,ONT,Mishandling of Passenger Property,2022-07,3,2023-01,2
2024-03,PGD,,2022-11,7,2023-01,6
2024-03,PHX,,2022-08,177,2023-01,178
2024-03,PHX,Customer Service,2022-08,11,2023-01,12
2024-03,RSW,,2022-09,56,2023-01,57
2024-03,RSW,Customer Service,2022-09,5,2023-01,6
2024-03,RSW,,2022-12,87,2023-01,86
2024-03,RSW,Expedited Passenger Screening Program,2022-12,77,2023-01,76
2024-03,SLC,,2023-01,141,2023-01,142
2024-03,SLC,Expedited Passenger Screening Program,2023-01,93,2023-01,94
2024-03,TUL,,2022-11,19,2023-01,18
2024-03,TUL,Expedited Passenger Screening Program,2022-11,17,2023-01,16
2024-03,,,2021-12,5132,2023-01,5131
2024-03,,,2022-08,4078,2023-01,4075
2024-03,,,2022-09,4053,2023-01,4051
2024-03,,Customer Service,2022-08,14,2023-01,13
2024-03,,Customer Service,2022-09,10,2023-01,9
2024-03,,Expedited Passenger Screening Program,2021-12,4697,2023-01,4696
2024-03,,Expedited Passenger Screening Program,2022-08,3805,2023-01,3804
2024-03,,Expedited Passenger Screening Program,2022-09,3842,2023-01,3841
2024-03,,Screening,2022-08,23,2023-01,22
2024-03,,,2022-10,3590,2023-01,3589
2024-03,,,2022-11,3775,2023-01,3773
2024-03,,,2023-01,3499,2023-01,3497
2024-03,,Expedited Passenger Screening Program,2022-11,3577,2023-01,3575
2024-03,,Expedited Passenger Screening Program,2022-12,3057,2023-01,3058
2024-03,,Expedited Passenger Screening Program,2023-01,3315,2023-01,3313
2024-03,,Mishandling of Passenger Property,2022-10,12,2023-01,11
2024-03,,No Jurisdiction,2022-12,35,2023-01,34
2024-03,ABE,Expedited Passenger Screening Program,2022-05,8,2022-05,9
2024-03,ABE,Screening,2022-05,1,2022-05,0
2024-03,ABI,,2021-12,2,2022-05,3
2024-03,ABI,Expedited Passenger Screening Program,2021-12,0,2022-05,1
2024-03,ABQ,,2021-10,36,2022-05,48
2024-03,ABQ,,2021-11,37,2022-05,42
2024-03,ABQ,,2021-12,28,2022-05,38
2024-03,ABQ,,2022-01,38,2022-05,71
2024-03,ABQ,,2022-02,38,2022-05,93
2024-03,ABQ,,2022-03,65,2022-05,118
2024-03,ABQ,,2022-04,58,2022-05,91
2024-03,ABQ,,2022-05,37,2022-05,70
2024-03,ABQ,Expedited Passenger Screening Program,2021-10,27,2022-05,39
2024-03,ABQ,Expedited Passenger Screening Program,2021-11,20,2022-05,25
2024-03,ABQ,Expedited Passenger Screening Program,2021-12,17,2022-05,27
2024-03,ABQ,Expedited Passenger Screening Program,2022-01,30,2022-05,62
2024-03,ABQ,Expedited Passenger Screening Program,2022-02,27,2022-05,82
2024-03,ABQ,Expedited Passenger Screening Program,2022-03,51,2022-05,104
2024-03,ABQ,Expedited Passenger Screening Program,2022-04,44,2022-05,77
2024-03,ABQ,Expedited Passenger Screening Program,2022-05,27,2022-05,60
2024-03,ABQ,Notice of Violation/Civil Penalties,2022-01,0,2022-05,1
2024-03,AMA,,2022-04,4,2022-05,3
2024-03,AMA,Expedited Passenger Screening Program,2022-04,2,2022-05,1
2024-03,ANC,,2022-02,18,2022-05,17
2024-03,ANC,Expedited Passenger Screening Program,2022-02,8,2022-05,7
2024-03,ATL,,2022-02,255,2022-05,254
2024-03,ATL,,2022-05,424,2022-05,425
2024-03,ATL,Expedited Passenger Screening Program,2022-02,185,2022-05,184
2024-03,ATL,Expedited Passenger Screening Program,2022-05,320,2022-05,321
2024-03,BHM,,2022-02,15,2022-05,14
2024-03,BHM,,2022-05,19,2022-05,20
2024-03,BHM,Expedited Passenger Screening Program,2022-02,9,2022-05,8
2024-03,BHM,Expedited Passenger Screening Program,2022-05,14,2022-05,15
2024-03,BNA,,2022-02,58,2022-05,59
2024-03,BNA,Expedited Passenger Screening Program,2022-02,47,2022-05,48
2024-03,BWI,,2021-12,71,2022-05,72
2024-03,BWI,,2022-02,73,2022-05,74
2024-03,BWI,Expedited Passenger Screening Program,2021-12,51,2022-05,52
2024-03,BWI,Expedited Passenger Screening Program,2022-02,53,2022-05,54
2024-03,CVG,,2022-02,34,2022-05,35
2024-03,CVG,Expedited Passenger Screening Program,2022-02,28,2022-05,29
2024-03,DCA,,2021-12,109,2022-05,110
2024-03,DCA,Expedited Passenger Screening Program,2021-12,82,2022-05,83
2024-03,DEN,,2022-02,242,2022-05,241
2024-03,DEN,,2022-05,405,2022-05,406
2024-03,DEN,Expedited Passenger Screening Program,2022-02,183,2022-05,182
2024-03,DEN,Expedited Passenger Screening Program,2022-05,312,2022-05,313
2024-03,DFW,,2022-02,166,2022-05,165
2024-03,DFW,,2022-03,241,2022-05,242
2024-03,DFW,Expedited Passenger Screening Program,2022-02,113,2022-05,112
2024-03,DFW,Expedited Passenger Screening Program,2022-03,163,2022-05,164
2024-03,EWR,,2022-03,664,2022-05,663
2024-03,EWR,Expedited Passenger Screening Program,2022-03,582,2022-05,581
2024-03,FAY,,2022-03,3,2022-05,4
2024-03,FAY,Expedited Passenger Screening Program,2022-03,1,2022-05,2
2024-03,GFK,,2022-05,0,2022-05,1
2024-03,GFK,Expedited Passenger Screening Program,2022-05,0,2022-05,1
2024-03,GPT,,2022-05,6,2022-05,7
2024-03,GPT,Expedited Passenger Screening Program,2022-05,2,2022-05,3
2024-03,HOU,,2022-04,54,2022-05,55
2024-03,HOU,Expedited Passenger Screening Program,2022-04,37,2022-05,38
2024-03,JAX,,2022-02,35,2022-05,34
2024-03,JAX,Expedited Passenger Screening Program,2022-02,25,2022-05,24
2024-03,LAS,,2022-02,159,2022-05,158
2024-03,LAS,Expedited Passenger Screening Program,2022-02,87,2022-05,86
2024-03,LGA,Patdown,2021-11,2,2022-05,1
2024-03,LGA,Screening,2021-11,11,2022-05,12
2024-03,MCO,,2022-04,395,2022-05,394
2024-03,MCO,Request for Assistance,2022-04,1,2022-05,0
2024-03,MEM,,2022-04,26,2022-05,27
2024-03,MEM,Expedited Passenger Screening Program,2022-04,18,2022-05,19
2024-03,MSP,,2022-02,139,2022-05,138
2024-03,MSP,Expedited Passenger Screening Program,2022-02,118,2022-05,117
2024-03,MSY,,2021-12,55,2022-05,54
2024-03,MSY,Screening,2021-12,2,2022-05,1
2024-03,OKC,,2022-02,19,2022-05,20
2024-03,OKC,Expedited Passenger Screening Program,2022-02,15,2022-05,16
2024-03,PHX,,2022-05,229,2022-05,230
2024-03,PHX,Expedited Passenger Screening Program,2022-05,167,2022-05,168
2024-03,RSW,,2022-02,91,2022-05,92
2024-03,RSW,Expedited Passenger Screening Program,2022-02,77,2022-05,78
2024-03,SAN,No Jurisdiction,2022-05,2,2022-05,1
2024-03,SAN,Screening,2022-05,7,2022-05,8
2024-03,SGF,,2021-12,4,2022-05,5
2024-03,SGF,Expedited Passenger Screening Program,2021-12,1,2022-05,2
2024-03,SJU,,2021-12,46,2022-05,45
2024-03,SJU,Property - Special Handling,2021-12,2,2022-05,1
2024-03,SLC,,2021-12,95,2022-05,96
2024-03,SLC,Expedited Passenger Screening Program,2021-12,79,2022-05,80
2024-03,SNA,,2022-02,32,2022-05,33
2024-03,SNA,Customer Service,2022-02,1,2022-05,2
2024-03,STL,,2022-05,79,2022-05,80
2024-03,STL,Persons w/ Disabilities (PWD),2022-05,2,2022-05,3
2024-03,TPA,,2022-01,101,2022-05,102
2024-03,TPA,Expedited Passenger Screening Program,2022-01,75,2022-05,76
2024-03,TWF,,2022-01,1,2022-05,0
2024-03,TWF,Expedited Passenger Screening Program,2022-01,1,2022-05,0
2024-03,TYS,,2022-02,5,2022-05,4
2024-03,TYS,Expedited Passenger Screening Program,2022-02,4,2022-05,3
2024-03,VLD,,2022-02,4,2022-05,3
2024-03,VLD,Expedited Passenger Screening Program,2022-02,2,2022-05,1
2024-03,,,2021-10,5741,2022-05,5729
2024-03,,,2021-11,6368,2022-05,6363
2024-03,,,2021-12,5132,2022-05,5118
2024-03,,,2022-01,2756,2022-05,2723
2024-03,,,2022-02,3382,2022-05,3332
2024-03,,,2022-03,5380,2022-05,5322
2024-03,,,2022-04,4207,2022-05,4173
2024-03,,,2022-05,4217,2022-05,4175
2024-03,,Expedited Passenger Screening Program,2021-10,5467,2022-05,5455
2024-03,,Expedited Passenger Screening Program,2021-11,5953,2022-05,5948
2024-03,,Expedited Passenger Screening Program,2021-12,4697,2022-05,4681
2024-03,,Expedited Passenger Screening Program,2022-01,2502,2022-05,2470
2024-03,,Expedited Passenger Screening Program,2022-02,3104,2022-05,3054
2024-03,,Expedited Passenger Screening Program,2022-03,4939,2022-05,4881
2024-03,,Expedited Passenger Screening Program,2022-04,3988,2022-05,3954
2024-03,,Expedited Passenger Screening Program,2022-05,3987,2022-05,3945
2024-03,,No Jurisdiction,2021-12,71,2022-05,72
2024-03,,Notice of Violation/Civil Penalties,2022-01,9,2022-05,8
2024-03,,Property - Special Handling,2021-12,33,2022-05,34
2023-08,ABQ,,2021-09,27,2022-05,33
2023-08,ABQ,Expedited Passenger Screening Program,2021-09,17,2022-05,23
2023-08,BNA,,2021-09,42,2022-05,43
2023-08,BNA,Expedited Passenger Screening Program,2021-09,29,2022-05,30
2023-08,DEN,,2021-09,262,2022-05,263
2023-08,DEN,Expedited Passenger Screening Program,2021-09,144,2022-05,145
2023-08,ONT,,2021-09,27,2022-05,28
2023-08,ONT,Expedited Passenger Screening Program,2021-09,9,2022-05,10
2023-08,PBI,,2021-09,28,2022-05,27
2023-08,PBI,Expedited Passenger Screening Program,2021-09,19,2022-05,18
2023-08,SMF,,2021-09,36,2022-05,37
2023-08,SMF,Expedited Passenger Screening Program,2021-09,25,2022-05,26
2023-08,,,2021-09,2765,2022-05,2755
2023-08,,Expedited Passenger Screening Program,2021-09,2637,2022-05,2627
2023-05,ABQ,,2021-02,4,2022-05,8
2023-05,ABQ,,2021-03,11,2022-05,16
2023-05,ABQ,,2021-04,12,2022-05,14
2023-05,ABQ,,2021-05,15,2022-05,17
2023-05,ABQ,,2021-06,18,2022-05,26
2023-05,ABQ,,2021-07,21,2022-05,28
2023-05,ABQ,,2021-08,24,2022-05,32
2023-05,ABQ,Expedited Passenger Screening Program,2021-02,2,2022-05,6
2023-05,ABQ,Expedited Passenger Screening Program,2021-03,6,2022-05,11
2023-05,ABQ,Expedited Passenger Screening Program,2021-04,3,2022-05,5
2023-05,ABQ,Expedited Passenger Screening Program,2021-05,8,2022-05,10
2023-05,ABQ,Expedited Passenger Screening Program,2021-06,11,2022-05,19
2023-05,ABQ,Expedited Passenger Screening Program,2021-07,12,2022-05,19
2023-05,ABQ,Expedited Passenger Screening Program,2021-08,14,2022-05,22
2023-05,BIL,,2021-02,3,2022-05,2
2023-05,BIL,Expedited Passenger Screening Program,2021-02,1,2022-05,0
2023-05,BNA,,2021-04,16,2022-05,17
2023-05,BNA,Expedited Passenger Screening Program,2021-04,10,2022-05,11
2023-05,BOI,,2021-02,2,2022-05,3
2023-05,BOI,Expedited Passenger Screening Program,2021-02,0,2022-05,1
2023-05,COS,,2021-04,1,2022-05,2
2023-05,COS,Expedited Passenger Screening Program,2021-04,0,2022-05,1
2023-05,PBI,,2021-06,26,2022-05,27
2023-05,PBI,Expedited Passenger Screening Program,2021-06,11,2022-05,12
2023-05,PIE,,2021-07,4,2022-05,5
2023-05,PIE,Expedited Passenger Screening Program,2021-07,1,2022-05,2
2023-05,SDF,,2021-08,15,2022-05,16
2023-05,SDF,Expedited Passenger Screening Program,2021-08,5,2022-05,6
2023-05,SEA,,2021-02,25,2022-05,26
2023-05,SEA,Expedited Passenger Screening Program,2021-02,0,2022-05,1
2023-05,TPA,,2021-08,66,2022-05,67
2023-05,TPA,Expedited Passenger Screening Program,2021-08,29,2022-05,30
2023-05,,,2021-02,507,2022-05,501
2023-05,,,2021-03,1801,2022-05,1796
2023-05,,,2021-04,2104,2022-05,2100
2023-05,,,2021-05,1530,2022-05,1528
2023-05,,,2021-06,1864,2022-05,1855
2023-05,,,2021-07,2059,2022-05,2051
2023-05,,,2021-08,2443,2022-05,2433
2023-05,,Expedited Passenger Screening Program,2021-02,342,2022-05,336
2023-05,,Expedited Passenger Screening Program,2021-03,1643,2022-05,1638
2023-05,,Expedited Passenger Screening Program,2021-04,1877,2022-05,1873
2023-05,,Expedited Passenger Screening Program,2021-05,1291,2022-05,1289
2023-05,,Expedited Passenger Screening Program,2021-06,1614,2022-05,1605
2023-05,,Expedited Passenger Screening Program,2021-07,1863,2022-05,1855
2023-05,,Expedited Passenger Screening Program,2021-08,2277,2022-05,2267
2024-03,ABI,,2021-12,2,2022-03,3
2024-03,ABI,Expedited Passenger Screening Program,2021-12,0,2022-03,1
2024-03,ABQ,,2021-10,36,2022-03,47
2024-03,ABQ,,2021-11,37,2022-03,42
2024-03,ABQ,,2021-12,28,2022-03,38
2024-03,ABQ,,2022-01,38,2022-03,71
2024-03,ABQ,,2022-02,38,2022-03,93
2024-03,ABQ,,2022-03,65,2022-03,118
2024-03,ABQ,Expedited Passenger Screening Program,2021-10,27,2022-03,38
2024-03,ABQ,Expedited Passenger Screening Program,2021-11,20,2022-03,25
2024-03,ABQ,Expedited Passenger Screening Program,2021-12,17,2022-03,27
2024-03,ABQ,Expedited Passenger Screening Program,2022-01,30,2022-03,62
2024-03,ABQ,Expedited Passenger Screening Program,2022-02,27,2022-03,82
2024-03,ABQ,Expedited Passenger Screening Program,2022-03,51,2022-03,104
2024-03,ABQ,Notice of Violation/Civil Penalties,2022-01,0,2022-03,1
2024-03,ANC,,2022-02,18,2022-03,17
2024-03,ANC,Expedited Passenger Screening Program,2022-02,8,2022-03,7
2024-03,ATL,,2022-02,255,2022-03,254
2024-03,ATL,Expedited Passenger Screening Program,2022-02,185,2022-03,184
2024-03,BHM,,2022-02,15,2022-03,14
2024-03,BHM,Expedited Passenger Screening Program,2022-02,9,2022-03,8
2024-03,BNA,,2022-02,58,2022-03,59
2024-03,BNA,Expedited Passenger Screening Program,2022-02,47,2022-03,48
2024-03,BWI,,2021-12,71,2022-03,72
2024-03,BWI,,2022-02,73,2022-03,74
2024-03,BWI,,2022-03,89,2022-03,90
2024-03,BWI,Expedited Passenger Screening Program,2021-12,51,2022-03,52
2024-03,BWI,Expedited Passenger Screening Program,2022-02,53,2022-03,54
2024-03,BWI,Property - Special Handling,2022-03,7,2022-03,8
2024-03,CVG,,2022-02,34,2022-03,35
2024-03,CVG,Expedited Passenger Screening Program,2022-02,28,2022-03,29
2024-03,DCA,,2021-12,109,2022-03,110
2024-03,DCA,Expedited Passenger Screening Program,2021-12,82,2022-03,83
2024-03,DEN,,2022-02,242,2022-03,241
2024-03,DEN,Expedited Passenger Screening Program,2022-02,183,2022-03,182
2024-03,DFW,,2022-02,166,2022-03,165
2024-03,DFW,,2022-03,241,2022-03,242
2024-03,DFW,Expedited Passenger Screening Program,2022-02,113,2022-03,112
2024-03,DFW,Expedited Passenger Screening Program,2022-03,163,2022-03,164
2024-03,EWR,,2022-02,274,2022-03,273
2024-03,EWR,,2022-03,664,2022-03,663
2024-03,EWR,Expedited Passenger Screening Program,2022-02,217,2022-03,216
2024-03,EWR,Expedited Passenger Screening Program,2022-03,582,2022-03,581
2024-03,FAY,,2022-03,3,2022-03,4
2024-03,FAY,Expedited Passenger Screening Program,2022-03,1,2022-03,2
2024-03,HNL,,2022-02,86,2022-03,85
2024-03,HNL,Mishandling of Passenger Property,2022-02,2,2022-03,1
2024-03,JAX,,2022-02,35,2022-03,34
2024-03,JAX,Expedited Passenger Screening Program,2022-02,25,2022-03,24
2024-03,JAX,Persons w/ Disabilities (PWD),2022-02,2,2022-03,3
2024-03,JAX,Screening,2022-02,1,2022-03,0
2024-03,LAS,,2022-02,159,2022-03,158
2024-03,LAS,Expedited Passenger Screening Program,2022-02,87,2022-03,86
2024-03,LGA,,2022-01,104,2022-03,105
2024-03,LGA,Customer Service,2022-01,11,2022-03,12
2024-03,LGA,Patdown,2021-11,2,2022-03,1
2024-03,LGA,Screening,2021-11,11,2022-03,12
2024-03,MCO,,2022-02,236,2022-03,237
2024-03,MCO,,2022-03,386,2022-03,385
2024-03,MCO,Customer Service,2022-02,32,2022-03,33
2024-03,MCO,Property - Special Handling,2022-03,22,2022-03,21
2024-03,MDW,Customer Service,2022-03,4,2022-03,5
2024-03,MDW,Persons w/ Disabilities (PWD),2022-03,4,2022-03,3
2024-03,MEM,,2022-03,44,2022-03,43
2024-03,MEM,Customer Service,2022-03,4,2022-03,3
2024-03,MSP,,2022-02,139,2022-03,138
2024-03,MSP,Expedited Passenger Screening Program,2022-02,118,2022-03,117
2024-03,MSY,,2021-12,55,2022-03,54
2024-03,MSY,Screening,2021-12,2,2022-03,1
2024-03,OKC,,2022-02,19,2022-03,20
2024-03,OKC,Expedited Passenger Screening Program,2022-02,15,2022-03,16
2024-03,ORD,,2022-02,183,2022-03,184
2024-03,ORD,Customer Service,2022-02,8,2022-03,9
2024-03,PWM,,2022-03,15,2022-03,16
2024-03,RSW,,2022-02,91,2022-03,92
2024-03,RSW,Expedited Passenger Screening Program,2022-02,77,2022-03,78
2024-03,SGF,,2021-12,4,2022-03,5
2024-03,SGF,Expedited Passenger Screening Program,2021-12,1,2022-03,2
2024-03,SJU,,2021-12,46,2022-03,45
2024-03,SJU,Property - Special Handling,2021-12,2,2022-03,1
2024-03,SLC,,2021-12,95,2022-03,96
2024-03,SLC,Expedited Passenger Screening Program,2021-12,79,2022-03,80
2024-03,SWF,,2022-03,1,2022-03,2
2024-03,SWF,Customer Service,2022-03,0,2022-03,1
2024-03,TPA,,2022-01,101,2022-03,102
2024-03,TPA,Expedited Passenger Screening Program,2022-01,75,2022-03,76
2024-03,TWF,,2022-01,1,2022-03,0
2024-03,TWF,Expedited Passenger Screening Program,2022-01,1,2022-03,0
2024-03,TYS,,2022-02,5,2022-03,4
2024-03,TYS,Expedited Passenger Screening Program,2022-02,4,2022-03,3
2024-03,VLD,,2022-02,4,2022-03,3
2024-03,VLD,Expedited Passenger Screening Program,2022-02,2,2022-03,1
2024-03,,,2021-10,5741,2022-03,5724
2024-03,,,2021-11,6368,2022-03,6363
2024-03,,,2021-12,5132,2022-03,5118
2024-03,,,2022-01,2756,2022-03,2722
2024-03,,,2022-02,3382,2022-03,3330
2024-03,,,2022-03,5380,2022-03,5314
2024-03,,Expedited Passenger Screening Program,2021-10,5467,2022-03,5449
2024-03,,Expedited Passenger Screening Program,2021-11,5953,2022-03,5948
2024-03,,Expedited Passenger Screening Program,2021-12,4697,2022-03,4681
2024-03,,Expedited Passenger Screening Program,2022-01,2502,2022-03,2469
2024-03,,Expedited Passenger Screening Program,2022-02,3104,2022-03,3051
2024-03,,Expedited Passenger Screening Program,2022-03,4939,2022-03,4875
2024-03,,No Jurisdiction,2021-12,71,2022-03,72
2024-03,,No Subject,2021-10,6,2022-03,7
2024-03,,Notice of Violation/Civil Penalties,2022-01,9,2022-03,8
2024-03,,Property - Special Handling,2021-12,33,2022-03,34
2024-03,,Property - Special Handling,2022-02,9,2022-03,10
2024-03,,Property - Special Handling,2022-03,16,2022-03,15
2024-03,,Screening,2022-03,79,2022-03,78
2023-08,ABQ,,2021-09,27,2022-03,33
2023-08,ABQ,Expedited Passenger Screening Program,2021-09,17,2022-03,23
2023-08,BNA,,2021-09,42,2022-03,43
2023-08,BNA,Expedited Passenger Screening Program,2021-09,29,2022-03,30
2023-08,DEN,,2021-09,262,2022-03,263
2023-08,DEN,Expedited Passenger Screening Program,2021-09,144,2022-03,145
2023-08,ONT,,2021-09,27,2022-03,28
2023-08,ONT,Expedited Passenger Screening Program,2021-09,9,2022-03,10
2023-08,PBI,,2021-09,28,2022-03,27
2023-08,PBI,Expedited Passenger Screening Program,2021-09,19,2022-03,18
2023-08,SMF,,2021-09,36,2022-03,37
2023-08,SMF,Expedited Passenger Screening Program,2021-09,25,2022-03,26
2023-08,,,2021-09,2765,2022-03,2755
2023-08,,Expedited Passenger Screening Program,2021-09,2637,2022-03,2627
2023-05,ABQ,,2021-02,4,2022-03,8
2023-05,ABQ,,2021-03,11,2022-03,16
2023-05,ABQ,,2021-04,12,2022-03,14
2023-05,ABQ,,2021-05,15,2022-03,17
2023-05,ABQ,,2021-06,18,2022-03,26
2023-05,ABQ,,2021-07,21,2022-03,28
2023-05,ABQ,,2021-08,24,2022-03,32
2023-05,ABQ,Expedited Passenger Screening Program,2021-02,2,2022-03,6
2023-05,ABQ,Expedited Passenger Screening Program,2021-03,6,2022-03,11
2023-05,ABQ,Expedited Passenger Screening Program,2021-04,3,2022-03,5
2023-05,ABQ,Expedited Passenger Screening Program,2021-05,8,2022-03,10
2023-05,ABQ,Expedited Passenger Screening Program,2021-06,11,2022-03,19
2023-05,ABQ,Expedited Passenger Screening Program,2021-07,12,2022-03,19
2023-05,ABQ,Expedited Passenger Screening Program,2021-08,14,2022-03,22
2023-05,BIL,,2021-02,3,2022-03,2
2023-05,BIL,Expedited Passenger Screening Program,2021-02,1,2022-03,0
2023-05,BNA,,2021-04,16,2022-03,17
2023-05,BNA,Expedited Passenger Screening Program,2021-04,10,2022-03,11
2023-05,BOI,,2021-02,2,2022-03,3
2023-05,BOI,Expedited Passenger Screening Program,2021-02,0,2022-03,1
2023-05,COS,,2021-04,1,2022-03,2
2023-05,COS,Expedited Passenger Screening Program,2021-04,0,2022-03,1
2023-05,PBI,,2021-06,26,2022-03,27
2023-05,PBI,Expedited Passenger Screening Program,2021-06,11,2022-03,12
2023-05,PIE,,2021-07,4,2022-03,5
2023-05,PIE,Expedited Passenger Screening Program,2021-07,1,2022-03,2
2023-05,SDF,,2021-08,15,2022-03,16
2023-05,SDF,Expedited Passenger Screening Program,2021-08,5,2022-03,6
2023-05,SEA,,2021-02,25,2022-03,26
2023-05,SEA,Expedited Passenger Screening Program,2021-02,0,2022-03,1
2023-05,TPA,,2021-08,66,2022-03,67
2023-05,TPA,Expedited Passenger Screening Program,2021-08,29,2022-03,30
2023-05,,,2021-02,507,2022-03,501
2023-05,,,2021-03,1801,2022-03,1796
2023-05,,,2021-04,2104,2022-03,2100
2023-05,,,2021-05,1530,2022-03,1528
2023-05,,,2021-06,1864,2022-03,1855
2023-05,,,2021-07,2059,2022-03,2052
2023-05,,,2021-08,2443,2022-03,2433
2023-05,,Expedited Passenger Screening Program,2021-02,342,2022-03,336
2023-05,,Expedited Passenger Screening Program,2021-03,1643,2022-03,1638
2023-05,,Expedited Passenger Screening Program,2021-04,1877,2022-03,1873
2023-05,,Expedited Passenger Screening Program,2021-05,1291,2022-03,1289
2023-05,,Expedited Passenger Screening Program,2021-06,1614,2022-03,1605
2023-05,,Expedited Passenger Screening Program,2021-07,1863,2022-03,1856
2023-05,,Expedited Passenger Screening Program,2021-08,2277,2022-03,2267
2024-03,ABI,,2021-12,2,2022-02,3
2024-03,ABI,Expedited Passenger Screening Program,2021-12,0,2022-02,1
2024-03,ABQ,,2021-10,36,2022-02,47
2024-03,ABQ,,2021-11,37,2022-02,42
2024-03,ABQ,,2021-12,28,2022-02,38
2024-03,ABQ,,2022-01,38,2022-02,71
2024-03,ABQ,,2022-02,38,2022-02,92
2024-03,ABQ,Expedited Passenger Screening Program,2021-10,27,2022-02,38
2024-03,ABQ,Expedited Passenger Screening Program,2021-11,20,2022-02,25
2024-03,ABQ,Expedited Passenger Screening Program,2021-12,17,2022-02,27
2024-03,ABQ,Expedited Passenger Screening Program,2022-01,30,2022-02,62
2024-03,ABQ,Expedited Passenger Screening Program,2022-02,27,2022-02,81
2024-03,ABQ,Notice of Violation/Civil Penalties,2022-01,0,2022-02,1
2024-03,ANC,,2022-02,18,2022-02,17
2024-03,ANC,Expedited Passenger Screening Program,2022-02,8,2022-02,7
2024-03,ATL,,2022-02,255,2022-02,254
2024-03,ATL,Expedited Passenger Screening Program,2022-02,185,2022-02,184
2024-03,BHM,,2022-02,15,2022-02,14
2024-03,BHM,Expedited Passenger Screening Program,2022-02,9,2022-02,8
2024-03,BNA,,2022-02,58,2022-02,59
2024-03,BNA,Expedited Passenger Screening Program,2022-02,47,2022-02,48
2024-03,BWI,,2021-12,71,2022-02,72
2024-03,BWI,,2022-02,73,2022-02,74
2024-03,BWI,Expedited Passenger Screening Program,2021-12,51,2022-02,52
2024-03,BWI,Expedited Passenger Screening Program,2022-02,53,2022-02,54
2024-03,CVG,,2022-02,34,2022-02,35
2024-03,CVG,Expedited Passenger Screening Program,2022-02,28,2022-02,29
2024-03,DCA,,2021-12,109,2022-02,110
2024-03,DCA,Expedited Passenger Screening Program,2021-12,82,2022-02,83
2024-03,DEN,,2022-02,242,2022-02,241
2024-03,DEN,Expedited Passenger Screening Program,2022-02,183,2022-02,182
2024-03,DFW,,2022-01,134,2022-02,135
2024-03,DFW,,2022-02,166,2022-02,164
2024-03,DFW,Expedited Passenger Screening Program,2022-01,93,2022-02,94
2024-03,DFW,Expedited Passenger Screening Program,2022-02,113,2022-02,111
2024-03,DTW,,2022-02,137,2022-02,136
2024-03,DTW,Civil Rights,2022-01,1,2022-02,2
2024-03,DTW,Patdown,2022-01,3,2022-02,2
2024-03,DTW,Property - Special Handling,2022-02,2,2022-02,1
2024-03,EWR,,2022-02,274,2022-02,273
2024-03,EWR,Expedited Passenger Screening Program,2022-02,217,2022-02,216
2024-03,HNL,,2022-02,86,2022-02,85
2024-03,HNL,Mishandling of Passenger Property,2022-02,2,2022-02,1
2024-03,JAX,,2022-02,35,2022-02,34
2024-03,JAX,Expedited Passenger Screening Program,2022-02,25,2022-02,24
2024-03,JAX,Persons w/ Disabilities (PWD),2022-02,2,2022-02,3
2024-03,JAX,Screening,2022-02,1,2022-02,0
2024-03,JFK,Civil Rights,2022-01,4,2022-02,5
2024-03,JFK,Screening,2022-01,17,2022-02,16
2024-03,LAS,,2022-01,130,2022-02,131
2024-03,LAS,,2022-02,159,2022-02,158
2024-03,LAS,Civil Rights,2022-01,2,2022-02,4
2024-03,LAS,Expedited Passenger Screening Program,2022-02,87,2022-02,86
2024-03,LAS,Persons w/ Disabilities (PWD),2022-01,4,2022-02,3
2024-03,LGA,Patdown,2021-11,2,2022-02,1
2024-03,LGA,Screening,2021-11,11,2022-02,12
2024-03,MCO,,2022-02,236,2022-02,237
2024-03,MCO,Civil Rights,2022-01,5,2022-02,6
2024-03,MCO,Customer Service,2022-02,32,2022-02,33
2024-03,MCO,Patdown,2022-01,3,2022-02,2
2024-03,MSP,,2022-02,139,2022-02,138
2024-03,MSP,Expedited Passenger Screening Program,2022-02,118,2022-02,117
2024-03,MSY,,2021-12,55,2022-02,54
2024-03,MSY,Screening,2021-12,2,2022-02,1
2024-03,OKC,,2022-02,19,2022-02,20
2024-03,OKC,Expedited Passenger Screening Program,2022-02,15,2022-02,16
2024-03,ORD,,2022-02,183,2022-02,184
2024-03,ORD,Customer Service,2022-02,8,2022-02,9
2024-03,RSW,,2022-02,91,2022-02,92
2024-03,RSW,Civil Rights,2022-01,0,2022-02,1
2024-03,RSW,Expedited Passenger Screening Program,2022-02,77,2022-02,78
2024-03,RSW,Patdown,2022-01,1,2022-02,0
2024-03,SAN,,2022-02,84,2022-02,86
2024-03,SAN,Civil Rights,2022-02,2,2022-02,4
2024-03,SGF,,2021-12,4,2022-02,5
2024-03,SGF,Expedited Passenger Screening Program,2021-12,1,2022-02,2
2024-03,SJU,,2021-12,46,2022-02,45
2024-03,SJU,Property - Special Handling,2021-12,2,2022-02,1
2024-03,SLC,,2021-12,95,2022-02,96
2024-03,SLC,Expedited Passenger Screening Program,2021-12,79,2022-02,80
2024-03,TPA,,2022-01,101,2022-02,102
2024-03,TPA,Expedited Passenger Screening Program,2022-01,75,2022-02,76
2024-03,TWF,,2022-01,1,2022-02,0
2024-03,TWF,Expedited Passenger Screening Program,2022-01,1,2022-02,0
2024-03,TYS,,2022-02,5,2022-02,4
2024-03,TYS,Expedited Passenger Screening Program,2022-02,4,2022-02,3
2024-03,VLD,,2022-02,4,2022-02,3
2024-03,VLD,Expedited Passenger Screening Program,2022-02,2,2022-02,1
2024-03,,,2021-10,5741,2022-02,5724
2024-03,,,2021-11,6368,2022-02,6363
2024-03,,,2021-12,5132,2022-02,5118
2024-03,,,2022-01,2756,2022-02,2724
2024-03,,,2022-02,3382,2022-02,3326
2024-03,,Expedited Passenger Screening Program,2021-10,5467,2022-02,5449
2024-03,,Expedited Passenger Screening Program,2021-11,5953,2022-02,5948
2024-03,,Expedited Passenger Screening Program,2021-12,4697,2022-02,4681
2024-03,,Expedited Passenger Screening Program,2022-01,2502,2022-02,2471
2024-03,,Expedited Passenger Screening Program,2022-02,3104,2022-02,3047
2024-03,,No Jurisdiction,2021-12,71,2022-02,72
2024-03,,No Subject,2021-10,6,2022-02,7
2024-03,,Notice of Violation/Civil Penalties,2022-01,9,2022-02,8
2024-03,,Property - Special Handling,2021-12,33,2022-02,34
2024-03,,Property - Special Handling,2022-02,9,2022-02,10
2023-08,ABQ,,2021-09,27,2022-02,33
2023-08,ABQ,Expedited Passenger Screening Program,2021-09,17,2022-02,23
2023-08,BNA,,2021-09,42,2022-02,43
2023-08,BNA,Expedited Passenger Screening Program,2021-09,29,2022-02,30
2023-08,DEN,,2021-09,262,2022-02,263
2023-08,DEN,Expedited Passenger Screening Program,2021-09,144,2022-02,145
2023-08,ONT,,2021-09,27,2022-02,28
2023-08,ONT,Expedited Passenger Screening Program,2021-09,9,2022-02,10
2023-08,PBI,,2021-09,28,2022-02,27
2023-08,PBI,Expedited Passenger Screening Program,2021-09,19,2022-02,18
2023-08,SMF,,2021-09,36,2022-02,37
2023-08,SMF,Expedited Passenger Screening Program,2021-09,25,2022-02,26
2023-08,,,2021-09,2765,2022-02,2755
2023-08,,Expedited Passenger Screening Program,2021-09,2637,2022-02,2627
2023-05,ABQ,,2021-02,4,2022-02,8
2023-05,ABQ,,2021-03,11,2022-02,16
2023-05,ABQ,,2021-04,12,2022-02,14
2023-05,ABQ,,2021-05,15,2022-02,17
2023-05,ABQ,,2021-06,18,2022-02,26
2023-05,ABQ,,2021-07,21,2022-02,28
2023-05,ABQ,,2021-08,24,2022-02,32
2023-05,ABQ,Expedited Passenger Screening Program,2021-02,2,2022-02,6
2023-05,ABQ,Expedited Passenger Screening Program,2021-03,6,2022-02,11
2023-05,ABQ,Expedited Passenger Screening Program,2021-04,3,2022-02,5
2023-05,ABQ,Expedited Passenger Screening Program,2021-05,8,2022-02,10
2023-05,ABQ,Expedited Passenger Screening Program,2021-06,11,2022-02,19
2023-05,ABQ,Expedited Passenger Screening Program,2021-07,12,2022-02,19
2023-05,ABQ,Expedited Passenger Screening Program,2021-08,14,2022-02,22
2023-05,BIL,,2021-02,3,2022-02,2
2023-05,BIL,Expedited Passenger Screening Program,2021-02,1,2022-02,0
2023-05,BNA,,2021-04,16,2022-02,17
2023-05,BNA,Expedited Passenger Screening Program,2021-04,10,2022-02,11
2023-05,BOI,,2021-02,2,2022-02,3
2023-05,BOI,Expedited Passenger Screening Program,2021-02,0,2022-02,1
2023-05,COS,,2021-04,1,2022-02,2
2023-05,COS,Expedited Passenger Screening Program,2021-04,0,2022-02,1
2023-05,MCO,,2021-04,105,2022-02,104
2023-05,MCO,Expedited Passenger Screening Program,2021-04,28,2022-02,27
2023-05,PBI,,2021-06,26,2022-02,27
2023-05,PBI,Expedited Passenger Screening Program,2021-06,11,2022-02,12
2023-05,PIE,,2021-07,4,2022-02,5
2023-05,PIE,Expedited Passenger Screening Program,2021-07,1,2022-02,2
2023-05,SDF,,2021-08,15,2022-02,16
2023-05,SDF,Expedited Passenger Screening Program,2021-08,5,2022-02,6
2023-05,SEA,,2021-02,25,2022-02,26
2023-05,SEA,Expedited Passenger Screening Program,2021-02,0,2022-02,1
2023-05,TPA,,2021-08,66,2022-02,67
2023-05,TPA,Expedited Passenger Screening Program,2021-08,29,2022-02,30
2023-05,,,2021-02,507,2022-02,501
2023-05,,,2021-03,1801,2022-02,1796
2023-05,,,2021-04,2104,2022-02,2100
2023-05,,,2021-05,1530,2022-02,1528
2023-05,,,2021-06,1864,2022-02,1855
2023-05,,,2021-07,2059,2022-02,2052
2023-05,,,2021-08,2443,2022-02,2433
2023-05,,Expedited Passenger Screening Program,2021-02,342,2022-02,336
2023-05,,Expedited Passenger Screening Program,2021-03,1643,2022-02,1638
2023-05,,Expedited Passenger Screening Program,2021-04,1877,2022-02,1873
2023-05,,Expedited Passenger Screening Program,2021-05,1291,2022-02,1289
2023-05,,Expedited Passenger Screening Program,2021-06,1614,2022-02,1605
2023-05,,Expedited Passenger Screening Program,2021-07,1863,2022-02,1856
2023-05,,Expedited Passenger Screening Program,2021-08,2277,2022-02,2267
2023-05,ABQ,,2021-02,4,2021-06,8
2023-05,ABQ,,2021-03,11,2021-06,16
2023-05,ABQ,,2021-04,12,2021-06,14
2023-05,ABQ,,2021-05,15,2021-06,16
2023-05,ABQ,,2021-06,18,2021-06,26
2023-05,ABQ,Expedited Passenger Screening Program,2021-02,2,2021-06,6
2023-05,ABQ,Expedited Passenger Screening Program,2021-03,6,2021-06,11
2023-05,ABQ,Expedited Passenger Screening Program,2021-04,3,2021-06,5
2023-05,ABQ,Expedited Passenger Screening Program,2021-05,8,2021-06,10
2023-05,ABQ,Expedited Passenger Screening Program,2021-06,11,2021-06,19
2023-05,ABQ,Property - Special Handling,2021-05,3,2021-06,2
2023-05,ALB,Civil Rights,2021-06,0,2021-06,1
2023-05,BIL,,2021-02,3,2021-06,2
2023-05,BIL,Expedited Passenger Screening Program,2021-02,1,2021-06,0
2023-05,BNA,,2021-04,16,2021-06,17
2023-05,BNA,Expedited Passenger Screening Program,2021-04,10,2021-06,11
2023-05,BOI,,2021-02,2,2021-06,3
2023-05,BOI,Expedited Passenger Screening Program,2021-02,0,2021-06,1
2023-05,BOS,Mishandling of Passenger Property,2021-04,0,2021-06,1
2023-05,BOS,Mishandling of Passenger Property,2021-06,2,2021-06,3
2023-05,BOS,Property - Special Handling,2021-04,5,2021-06,4
2023-05,BOS,Property - Special Handling,2021-06,12,2021-06,11
2023-05,BWI,Customer Service,2021-06,9,2021-06,10
2023-05,BWI,Screening,2021-06,12,2021-06,11
2023-05,COS,,2021-04,1,2021-06,2
2023-05,COS,Expedited Passenger Screening Program,2021-04,0,2021-06,1
2023-05,DAL,Mishandling of Passenger Property,2021-06,2,2021-06,3
2023-05,DAL,Property - Special Handling,2021-06,7,2021-06,6
2023-05,DEN,Property - Special Handling,2021-05,12,2021-06,11
2023-05,DEN,Screening,2021-05,12,2021-06,13
2023-05,FLL,Mishandling of Passenger Property,2021-05,5,2021-06,4
2023-05,FLL,Property - Special Handling,2021-05,16,2021-06,17
2023-05,GEG,,2021-06,8,2021-06,7
2023-05,GEG,Mishandling of Passenger Property,2021-06,1,2021-06,0
2023-05,IAD,,2021-06,21,2021-06,22
2023-05,IAD,Expedited Passenger Screening Program,2021-06,9,2021-06,10
2023-05,JFK,Civil Rights,2021-06,4,2021-06,5
2023-05,JFK,Persons w/ Disabilities (PWD),2021-06,8,2021-06,7
2023-05,LAX,Property - Special Handling,2021-06,39,2021-06,38
2023-05,MCI,,2021-06,25,2021-06,26
2023-05,MCI,Persons w/ Disabilities (PWD),2021-06,2,2021-06,3
2023-05,MCO,,2021-04,105,2021-06,103
2023-05,MCO,Expedited Passenger Screening Program,2021-04,28,2021-06,27
2023-05,MCO,Persons w/ Disabilities (PWD),2021-04,6,2021-06,5
2023-05,MIA,,2021-06,97,2021-06,96
2023-05,MIA,Customer Service,2021-06,26,2021-06,25
2023-05,ORD,,2021-04,76,2021-06,75
2023-05,ORD,Expedited Passenger Screening Program,2021-04,31,2021-06,30
2023-05,ORF,,2021-06,9,2021-06,10
2023-05,ORF,Civil Rights,2021-06,1,2021-06,2
2023-05,PBI,,2021-06,26,2021-06,27
2023-05,PBI,Expedited Passenger Screening Program,2021-06,11,2021-06,12
2023-05,PDX,,2021-06,45,2021-06,46
2023-05,PDX,Expedited Passenger Screening Program,2021-06,15,2021-06,16
2023-05,PHL,,2021-05,62,2021-06,61
2023-05,PHL,Persons w/ Disabilities (PWD),2021-05,3,2021-06,2
2023-05,PHX,,2021-06,113,2021-06,114
2023-05,PHX,Claims,2021-06,1,2021-06,2
2023-05,PNS,Customer Service,2021-06,5,2021-06,6
2023-05,PWM,,2021-06,9,2021-06,8
2023-05,PWM,Expedited Passenger Screening Program,2021-06,2,2021-06,1
2023-05,SAN,,2021-03,17,2021-06,16
2023-05,SAN,Mishandling of Passenger Property,2021-06,0,2021-06,1
2023-05,SAN,Screening,2021-03,5,2021-06,4
2023-05,SAN,Screening,2021-06,6,2021-06,5
2023-05,SEA,,2021-02,25,2021-06,26
2023-05,SEA,Expedited Passenger Screening Program,2021-02,0,2021-06,1
2023-05,SFO,,2021-05,31,2021-06,30
2023-05,SFO,,2021-06,69,2021-06,70
2023-05,SFO,Expedited Passenger Screening Program,2021-05,13,2021-06,12
2023-05,SFO,Persons w/ Disabilities (PWD),2021-06,0,2021-06,1
2023-05,SGF,Customer Service,2021-06,3,2021-06,4
2023-05,SLC,Civil Rights,2021-06,1,2021-06,2
2023-05,SLC,Customer Service,2021-06,10,2021-06,9
2023-05,SMF,Expedited Passenger Screening Program,2021-06,11,2021-06,12
2023-05,SMF,Screening,2021-06,2,2021-06,1
2023-05,STL,,2021-06,28,2021-06,27
2023-05,STL,Mishandling of Passenger Property,2021-06,1,2021-06,0
2023-05,TUS,Persons w/ Disabilities (PWD),2021-06,1,2021-06,2
2023-05,TUS,Screening,2021-06,3,2021-06,2
2023-05,YKM,,2021-06,2,2021-06,3
2023-05,YKM,Persons w/ Disabilities (PWD),2021-06,2,2021-06,3
2023-05,,,2021-01,833,2021-06,831
2023-05,,,2021-02,507,2021-06,501
2023-05,,,2021-03,1801,2021-06,1796
2023-05,,,2021-04,2104,2021-06,2103
2023-05,,,2021-06,1864,2021-06,1852
2023-05,,Claims,2021-01,36,2021-06,35
2023-05,,Expedited Passenger Screening Program,2021-01,589,2021-06,588
2023-05,,Expedited Passenger Screening Program,2021-02,342,2021-06,336
2023-05,,Expedited Passenger Screening Program,2021-03,1643,2021-06,1638
2023-05,,Expedited Passenger Screening Program,2021-04,1877,2021-06,1875
2023-05,,Expedited Passenger Screening Program,2021-05,1291,2021-06,1290
2023-05,,Expedited Passenger Screening Program,2021-06,1614,2021-06,1606
2023-05,,Hazardous Materials Safety,2021-06,3,2021-06,1
2023-05,,Persons w/ Disabilities (PWD),2021-04,4,2021-06,5
2023-05,,Screening,2021-06,21,2021-06,19
2023-05,ACY,,2021-01,1,2021-02,5
2023-05,ACY,Expedited Passenger Screening Program,2021-01,0,2021-02,2
2023-05,ACY,Property - Special Handling,2021-01,0,2021-02,1
2023-05,ACY,Screening,2021-01,0,2021-02,1
2023-05,AGS,,2020-12,2,2021-02,1
2023-05,AGS,,2021-01,3,2021-02,2
2023-05,AGS,Customer Service,2021-01,2,2021-02,1
2023-05,ANC,,2020-12,6,2021-02,5
2023-05,ANC,Customer Service,2020-12,5,2021-02,4
2023-05,ATL,,2020-12,49,2021-02,48
2023-05,ATL,,2021-01,58,2021-02,54
2023-05,ATL,Expedited Passenger Screening Program,2021-01,5,2021-02,3
2023-05,ATL,Mishandling of Passenger Property,2020-12,9,2021-02,8
2023-05,ATL,Property - Special Handling,2021-01,5,2021-02,4
2023-05,ATL,Screening,2021-01,7,2021-02,6
2023-05,AUG,,2020-12,0,2021-02,1
2023-05,AUG,,2021-01,0,2021-02,1
2023-05,AUG,Customer Service,2021-01,0,2021-02,1
2023-05,AUS,,2021-01,13,2021-02,12
2023-05,AUS,Screening,2021-01,4,2021-02,3
2023-05,BOS,,2021-01,22,2021-02,21
2023-05,BOS,Customer Service,2021-01,10,2021-02,9
2023-05,FLL,,2020-12,26,2021-02,25
2023-05,FLL,Customer Service,2020-12,7,2021-02,6
2023-05,HOU,,2020-12,9,2021-02,10
2023-05,HOU,,2021-01,15,2021-02,16
2023-05,HOU,Mishandling of Passenger Property,2021-01,3,2021-02,4
2023-05,HOU,Patdown,2020-12,2,2021-02,3
2023-05,IAH,,2020-12,28,2021-02,26
2023-05,IAH,,2021-01,31,2021-02,30
2023-05,IAH,Customer Service,2020-12,7,2021-02,8
2023-05,IAH,Mishandling of Passenger Property,2021-01,6,2021-02,5
2023-05,IAH,Patdown,2020-12,1,2021-02,0
2023-05,IAH,Screening,2020-12,10,2021-02,8
2023-05,LAS,,2020-12,37,2021-02,35
2023-05,LAS,Expedited Passenger Screening Program,2020-12,3,2021-02,2
2023-05,LAS,Screening,2020-12,6,2021-02,5
2023-05,LAX,,2020-12,50,2021-02,52
2023-05,LAX,Mishandling of Passenger Property,2020-12,13,2021-02,14
2023-05,LAX,Property - Special Handling,2020-12,2,2021-02,3
2023-05,MDW,,2021-01,10,2021-02,9
2023-05,MDW,Customer Service,2021-01,6,2021-02,5
2023-05,MIA,Mishandling of Passenger Property,2020-12,5,2021-02,6
2023-05,MIA,Property - Special Handling,2020-12,5,2021-02,4
2023-05,OMA,Customer Service,2021-01,2,2021-02,1
2023-05,OMA,Property - Special Handling,2021-01,0,2021-02,1
2023-05,SAN,Locks,2020-12,1,2021-02,0
2023-05,SAN,Screening,2020-12,4,2021-02,5
2023-05,SJC,,2021-01,3,2021-02,4
2023-05,SJC,Customer Service,2021-01,2,2021-02,3
2023-05,SLC,,2020-12,11,2021-02,10
2023-05,SLC,Customer Service,2020-12,7,2021-02,6
2023-05,SLC,Property - Special Handling,2020-12,1,2021-02,0
2023-05,SLC,Screening,2020-12,2,2021-02,3
2023-05,SNA,,2021-01,5,2021-02,4
2023-05,SNA,Customer Service,2021-01,5,2021-02,4
2023-05,STL,,2020-12,7,2021-02,8
2023-05,STL,Customer Service,2020-12,2,2021-02,3
2023-05,TPA,,2020-12,14,2021-02,13
2023-05,TPA,Property - Special Handling,2020-12,1,2021-02,0
2023-05,,,2020-12,931,2021-02,930
2023-05,,,2021-01,833,2021-02,830
2023-05,,Claims,2020-12,48,2021-02,47
2023-05,,Claims,2021-01,36,2021-02,35
2023-05,,Customer Service,2020-12,44,2021-02,45
2023-05,,Expedited Passenger Screening Program,2020-12,486,2021-02,485
2023-05,,Expedited Passenger Screening Program,2021-01,589,2021-02,588
2023-05,,Intranet/Internet Inquiries,2021-01,1,2021-02,0
2023-05,,Mishandling of Passenger Property,2020-11,79,2021-02,78
2023-05,,Mishandling of Passenger Property,2020-12,155,2021-02,154
2023-05,,No Jurisdiction,2020-12,22,2021-02,23
2023-05,,SPAM,2020-11,0,2021-02,1
2022-05,MCK,Customer Service,2019-10,1,2019-12,2
2022-05,,,2019-10,5897,2019-12,5898
2022-05,,,2019-11,5097,2019-12,5096
2022-05,,Expedited Passenger Screening Program,2019-10,4689,2019-12,4690
2022-05,,Expedited Passenger Screening Program,2019-11,4059,2019-12,4058
2022-05,MCK,Customer Service,2019-10,1,2019-11,2
2022-05,,,2019-10,5897,2019-11,5898
2022-05,,,2019-11,5097,2019-11,5096
2022-05,,Expedited Passenger Screening Program,2019-10,4689,2019-11,4690
2022-05,,Expedited Passenger Screening Program,2019-11,4059,2019-11,4058
2022-05,BWI,,2019-04,69,2019-04,68
2022-05,BWI,Persons w/ Disabilities (PWD),2019-04,6,2019-04,5
2022-05,DAL,,2019-04,28,2019-04,27
2022-05,DAL,Property - Special Handling,2019-04,7,2019-04,6
2022-05,PHL,,2019-04,46,2019-04,45
2022-05,PHL,Locks,2019-04,4,2019-04,3
2022-05,SAN,,2019-04,62,2019-04,63
2022-05,SAN,Property - Special Handling,2019-04,18,2019-04,19
2022-05,,,2019-04,5850,2019-04,5847
2022-05,,Advanced Imaging Technology (AIT),2019-04,2,2019-04,1
2022-05,,Airline,2019-04,147,2019-04,146
2022-05,,Customer Service,2019-04,33,2019-04,34
2022-05,,Expedited Passenger Screening Program,2019-04,4731,2019-04,4727
2022-05,,Locks,2019-04,80,2019-04,81
2022-05,,Property - Special Handling,2019-04,60,2019-04,59
2022-05,,Screening,2019-04,99,2019-04,100
2022-05,AVP,Customer Service,2019-02,1,2019-02,0
2022-05,AVP,Mishandling of Passenger Property,2019-02,0,2019-02,1
2022-05,DEN,,2019-02,89,2019-02,88
2022-05,DEN,Mishandling of Passenger Property,2019-02,22,2019-02,21
2022-05,GSP,,2019-01,6,2019-02,7
2022-05,GSP,Property - Special Handling,2019-01,3,2019-02,4
2022-05,HNL,,2019-02,45,2019-02,44
2022-05,HNL,Mishandling of Passenger Property,2019-02,17,2019-02,16
2022-05,IAH,,2019-02,57,2019-02,58
2022-05,IAH,Mishandling of Passenger Property,2019-02,8,2019-02,10
2022-05,IAH,Property - Special Handling,2019-02,15,2019-02,14
2022-05,JFK,,2019-02,149,2019-02,150
2022-05,JFK,Mishandling of Passenger Property,2019-02,42,2019-02,45
2022-05,JFK,Property - Special Handling,2019-02,31,2019-02,29
2022-05,LGA,Mishandling of Passenger Property,2019-02,6,2019-02,7
2022-05,LGA,Property - Special Handling,2019-02,9,2019-02,8
2022-05,MCO,,2019-02,168,2019-02,167
2022-05,MCO,Mishandling of Passenger Property,2019-02,47,2019-02,48
2022-05,MCO,Property - Special Handling,2019-02,43,2019-02,42
2022-05,MCO,Screening,2019-02,22,2019-02,21
2022-05,RNO,Mishandling of Passenger Property,2019-02,4,2019-02,5
2022-05,SAN,,2019-02,49,2019-02,48
2022-05,SAN,Mishandling of Passenger Property,2019-02,11,2019-02,10
2022-05,,,2019-01,4343,2019-02,4344
2022-05,,,2019-02,4749,2019-02,4753
2022-05,,Locks,2019-02,64,2019-02,63
2022-05,,Mishandling of Passenger Property,2019-02,132,2019-02,138
2022-05,,Prohibited & Permitted Items,2019-01,3,2019-02,4
2022-05,,Property - Special Handling,2019-02,40,2019-02,39
2021-06,BOI,,2018-10,12,2019-02,11
2021-06,BOI,Civil Rights,2018-10,1,2019-02,0
2021-06,EWR,,2018-11,161,2019-02,162
2021-06,EWR,Screening,2018-11,28,2019-02,29
2021-06,JFK,,2018-11,194,2019-02,193
2021-06,JFK,Screening,2018-11,16,2019-02,15
2021-06,PHL,,2018-11,65,2019-02,64
2021-06,PHL,Mishandling of Passenger Property,2018-11,11,2019-02,10
2021-06,,,2018-11,5163,2019-02,5162
2021-06,,,2018-12,4727,2019-02,4726
2021-06,,DHS TRIP,2018-12,11,2019-02,10
2021-06,,Expedited Passenger Screening Program,2018-11,4177,2019-02,4176
